Date,Close,High,Low,Open,Volume,target
2022-01-03,178.10365295410156,178.95499096160628,173.895952516217,174.01337226981713,104487900,0
2022-01-04,175.84324645996094,179.01371442958575,175.27569272230144,178.71037008888723,99310400,0
2022-01-05,171.16583251953125,176.3031560396219,170.89184312629723,175.7551772531539,94537600,0
2022-01-06,168.30848693847656,171.53766438344002,167.95621276391145,168.99346035254746,96904000,1
2022-01-07,168.47486877441406,170.40258963561612,167.35933616352636,169.1794172582698,86709100,1
2022-01-10,168.494384765625,168.79772902007366,164.56065959552413,165.45113235821407,106765600,1
2022-01-11,171.32240295410156,171.4202477771128,167.15383722500894,168.62164395189677,76138300,1
2022-01-12,171.76275634765625,173.3773379097134,171.06800280036754,172.3400901249927,74805200,0
2022-01-13,168.494384765625,172.82929898734926,168.10296078303142,172.00733102085005,84505800,1
2022-01-14,169.35556030273438,170.05031384521072,167.41804452412237,167.66267899736397,80440800,0
2022-01-18,166.15570068359375,168.836884364845,165.7740715864879,167.82899175117316,90956700,0
2022-01-19,162.662353515625,167.40826837840387,162.37858408989868,166.3514456378891,94815000,0
2022-01-20,160.97921752929688,166.03825520272,160.65629832487,163.39620663076252,91420500,0
2022-01-21,158.92434692382812,162.76021377251277,158.81670715554318,160.89120276470334,122848900,0
2022-01-24,158.15126037597656,158.8166737850042,151.37978119467465,156.58560899416543,162294600,0
2022-01-25,156.3507537841797,159.26679197315192,153.64999508546384,155.5679206315474,115798400,0
2022-01-26,156.2626953125,160.86181974023197,154.43283450239605,159.99092174206848,108275300,0
2022-01-27,155.8027801513672,160.3236197319786,154.88295228679408,158.9634528706825,121954600,1
2022-01-28,166.67433166503906,166.69390660020625,159.30594382680772,162.15349217595866,179935700,1
2022-01-31,171.02883911132812,171.24411862639118,165.87194061535732,166.5079991576081,115541600,0
2022-02-01,170.8625030517578,171.08756258764447,168.61186289898112,170.27537434014533,86213900,1
2022-02-02,172.06613159179688,172.10528147634358,169.61000639785624,170.9995286731431,84914300,0
2022-02-03,169.189208984375,172.45753715088262,168.42595056253245,170.73530076821885,89418100,0
2022-02-04,168.90504455566406,170.5804825811808,167.22960653014735,168.20939100229583,82465400,0
2022-02-07,168.1898193359375,170.43351937589156,167.49416572772904,169.36555780513737,77251200,1
2022-02-08,171.29571533203125,171.80520742660315,167.96443926792173,168.25837758980256,74829200,1
2022-02-09,172.7164306640625,173.07894618735656,171.36432311182244,172.49108438879807,71285000,0
2022-02-10,168.64053344726562,171.93261055270034,168.08206395678414,170.61970267650963,90865900,0
2022-02-11,165.23085021972656,169.58109560057568,164.64297356543503,168.84625725787345,98670700,1
2022-02-14,165.4660186767578,166.15186486791518,163.19291135712115,163.98653444619794,86185500,1
2022-02-15,169.29696655273438,169.45373566949445,166.80832036305304,167.5137664381475,62527400,0
2022-02-16,169.0618133544922,169.83583650795123,166.612352178537,168.37596721528965,61177400,0
2022-02-17,165.4660186767578,168.43476465088062,165.06430342539218,167.57254946752525,69589300,0
2022-02-18,163.91793823242188,167.0924302194162,162.83037691642315,166.38699918366942,82772700,0
2022-02-22,160.99818420410156,163.32026851174712,158.872038841447,161.64483056360834,91162800,0
2022-02-23,156.83412170410156,162.7911986729469,156.52058346872764,162.19352949330056,90009200,1
2022-02-24,159.45016479492188,159.5579417081335,148.92727191069304,149.4955488212337,141147500,1
2022-02-25,161.51751708984375,161.78204820003634,157.6179631395797,160.52792495432507,91974200,1
2022-02-28,161.78204345703125,162.0759818545117,159.1464202451589,159.76368938483503,95056600,0
2022-03-01,159.9008331298828,163.23210951924372,158.69570233786408,161.37050993245586,83474400,1
2022-03-02,163.19288635253906,163.97671685818776,159.6558640904533,161.06675601055625,79724800,0
2022-03-03,162.8695526123047,165.4953825137644,162.2033064128783,165.06427499633645,76678400,0
2022-03-04,159.8714599609375,162.20335221808782,158.82309815688976,161.16478287844762,83737200,0
2022-03-07,156.07968139648438,161.6840502038395,155.82492784594277,160.05760426701897,96418800,0
2022-03-08,154.2572784423828,159.58730866544224,152.65043241487157,155.60938587479396,131148300,1
2022-03-09,159.65591430664062,160.10662184800367,156.18748303740642,158.2156295977199,91454900,0
2022-03-10,155.3154754638672,157.1476680762386,152.82681394352832,156.96150659042647,105342000,0
2022-03-11,151.60208129882812,156.060104640192,151.37673500562354,155.71717401765326,96970100,0
2022-03-14,147.5751495361328,151.00439558659642,147.06567231572745,148.38837253642478,108732100,1
2022-03-15,151.9547882080078,152.4250955746164,147.34001116939965,147.8494883910694,92964300,1
2022-03-16,156.36380004882812,156.76551526978483,151.33751588171134,153.87515407206308,102300200,1
2022-03-17,157.37295532226562,157.74527815418617,154.44340972475143,155.4035941882953,75615400,1
2022-03-18,160.66506958007812,161.15496186500974,156.53037749922927,157.2652159266267,123511700,1
2022-03-21,162.03677368164062,162.9871658912754,159.71467413165345,160.2045664067095,95811400,1
2022-03-22,165.4072265625,165.9950882926474,161.5762655771906,162.164127307338,81532000,1
2022-03-23,166.76910400390625,169.14997284411103,164.26084346132168,164.59398150898377,98062700,1
2022-03-24,170.5511016845703,170.61967882805246,166.76913277034842,167.60194065734933,90131400,1
2022-03-25,171.18795776367188,171.73663471959298,169.25778100424003,170.36494232979024,80546200,1
2022-03-28,172.0501708984375,172.1775327221898,168.52294058057433,168.6895021580393,90371900,1
2022-03-29,175.34225463867188,175.39123190730578,172.77520887835874,173.11813946075333,100589400,0
2022-03-30,174.1763153076172,175.97911541230812,173.12793859273037,174.94054611178674,92633200,0
2022-03-31,171.0802001953125,174.43106194071976,170.87443883843048,174.24490046314256,103049300,0
2022-04-01,170.78623962402344,171.34472398421482,168.46415506398156,170.5119011506989,78751300,1
2022-04-04,174.832763671875,174.88175589117134,170.91362533338986,171.04100211349504,76468400,0
2022-04-05,171.5210723876953,174.6955795536943,170.8940109049415,173.9117489626708,73401800,0
2022-04-06,168.35635375976562,170.1199686542609,166.69072328453476,168.87563829115544,89058800,1
2022-04-07,168.6600799560547,169.85541807711806,166.41638033883945,167.69989546465595,77594700,0
2022-04-08,166.65151977539062,168.30735775145232,165.7795122847829,168.30735775145232,76575500,0
2022-04-11,162.39930725097656,165.61299973690032,162.1543610861938,165.29947642014864,72246700,1
2022-04-12,164.27069091796875,166.43600652884118,163.2713064320056,164.62341397476007,79265200,1
2022-04-13,166.9552764892578,167.58233798502656,163.39866884231074,164.00613046155772,70618900,0
2022-04-14,161.94854736328125,167.8076684945636,161.70360127770223,167.1707997018646,75329400,0
2022-04-18,161.7330322265625,163.23210129361956,160.2633554980497,160.60627109784113,69023900,1
2022-04-19,164.0159149169922,164.4274375522312,160.59647667199232,161.6840380358106,67723800,0
2022-04-20,163.84934997558594,165.46600329408383,162.74220370933205,165.34841899344127,67929800,0
2022-04-21,163.0557403564453,168.06243992326603,162.55605562621574,165.49540922825548,87227800,0
2022-04-22,158.51931762695312,164.47640880332085,158.23518671810965,163.09492410815207,84882400,1
2022-04-25,159.58731079101562,159.87144172970685,155.2566649146805,157.862880430984,96046400,0
2022-04-26,153.6302032470703,159.05820246882445,153.55181869779824,158.9700254572649,95623200,0
2022-04-27,153.40487670898438,156.55976925790796,152.23893068313222,152.75821530720194,88063200,1
2022-04-28,160.33193969726562,161.19415486672693,155.717147988404,156.030686213781,130216800,0
2022-04-29,154.46302795410156,162.84018882642286,154.07112011517893,158.568327600733,131747600,1
2022-05-02,154.7667694091797,155.03130046543404,150.17157761678854,153.54203875876948,123055300,1
2022-05-03,156.2560272216797,157.46117291588328,153.15991957685017,154.95291204808,88966500,1
2022-05-04,162.66384887695312,163.11454143572888,156.04049519291306,156.44221048032446,108256500,0
2022-05-05,153.60086059570312,160.76308477987206,151.81764516116996,160.5377384717739,130525300,1
2022-05-06,154.32688903808594,156.44633619011688,151.2850890529144,153.08073053124994,116124600,0
2022-05-09,149.20497131347656,152.90419128161756,148.64568122313855,152.02108038887474,131577900,1
2022-05-10,151.60891723632812,153.7970575708187,150.05858149525076,152.599963074193,115366700,0
2022-05-11,143.74935913085938,152.5313135713574,143.07231197215032,150.61792919171955,142689800,0
2022-05-12,139.88328552246094,143.45494014257622,136.1938888181264,140.08934914213407,182602000,1
2022-05-13,144.34788513183594,145.3193024291932,140.422988536555,141.8751960845671,113990900,0
2022-05-16,142.807373046875,144.7502078730768,141.47290744658727,142.81719487180055,86643800,1
2022-05-17,146.43792724609375,146.95797495332027,143.92598033573168,146.06505720231044,78336300,0
2022-05-18,138.17599487304688,144.5931943601473,137.27325546059197,144.09277542323014,109742900,0
2022-05-19,134.7711181640625,139.0001910759216,134.03520018713232,137.25361360845713,136095600,1
2022-05-20,135.00660705566406,138.05821430560903,130.12011571020568,136.47844306099526,137426100,1
2022-05-23,140.42295837402344,140.57013597581613,135.06546908443286,135.20283983686906,117726300,0
2022-05-24,137.724609375,139.3043807072169,134.75150167714628,138.1661572066265,104132700,1
2022-05-25,137.88162231445312,139.12776621000188,135.742545873108,135.8308524536192,92482700,1
2022-05-26,141.0803680419922,141.6298510183434,134.56504208814962,134.81034805775556,90601500,1
2022-05-27,146.8303680419922,146.869610416665,142.5326018592053,142.6601657784012,90978500,0
2022-05-31,146.04537963867188,147.8312145429356,144.08293159739236,146.2710719434681,103718400,0
2022-06-01,145.91781616210938,148.89092345071006,144.9071417470177,147.08546005363647,74286600,1
2022-06-02,148.3709259033203,148.42979696294097,144.1025944132952,145.05438313661304,72348100,0
2022-06-03,142.65037536621094,145.19174238635256,141.74765092180013,144.14182533230215,88570300,1
2022-06-06,143.39610290527344,145.7804854788439,142.17937951644433,144.26939183778111,71598400,1
2022-06-07,145.91781616210938,146.20236451194296,141.3943732786537,141.63967925937845,67808200,0
2022-06-08,145.18190002441406,147.0560263615052,144.69128805686674,145.79025407304024,53950200,0
2022-06-09,139.96182250976562,145.17212073609275,139.8538872463902,144.318460453583,69473000,0
2022-06-10,134.55523681640625,138.11706935567418,134.48654395741318,137.64608608075142,91437900,0
2022-06-13,129.40382385253906,132.6614796951245,128.9720829038409,130.37522601482007,122207100,1
2022-06-14,130.2672882080078,131.37607607962988,129.0113227305463,130.63035125622758,84784300,1
2022-06-15,132.88717651367188,134.7613181921413,129.67858439406757,131.76858160626196,91533000,0
2022-06-16,127.61799621582033,129.9042500251396,126.61714350302216,129.60007296838003,108123900,1
2022-06-17,129.08984375,130.58130861525223,127.37270152778396,127.6278293830658,134520300,1
2022-06-21,133.31890869140625,134.48656772231706,130.8167993077871,130.91491273074396,81000500,0
2022-06-22,132.8086395263672,135.17337736667807,131.39567494170697,132.2591416538879,73409200,1
2022-06-23,135.67384338378906,135.98782727058793,133.08341268546732,134.2510716127321,72433800,1
2022-06-24,139.00022888183594,139.24553494086544,137.14571567446453,137.2732646440002,89116800,0
2022-06-27,139.00022888183594,140.79587103060723,138.3231817633475,140.02069549958952,70207900,0
2022-06-28,134.85943603515625,140.72715167094702,134.74169394010806,139.46137923230657,67083400,1
2022-06-29,136.61582946777344,138.02879459026985,134.1038981265762,134.87907356263912,66242400,0
2022-06-30,134.15293884277344,135.77195236171494,131.25833120197146,134.67298633539292,98964500,1
2022-07-01,136.32144165039062,136.42937688810812,133.11284998534265,133.48570492012948,71051600,1
2022-07-05,138.9020538330078,138.95111802279916,134.3589823539813,135.18322181452564,73353800,1
2022-07-06,140.23655700683594,141.41402301996357,138.4311081218874,138.69604284083624,74064300,1
2022-07-07,143.6021270751953,143.79836886527636,140.5897624458258,140.59956929502877,66253700,1
2022-07-08,144.2791748046875,144.77960864232728,142.27748437099987,142.53259722881296,64547800,0
2022-07-11,142.14990234375,143.886672848055,141.08037188051733,142.93488446230452,63141600,1
2022-07-12,143.12130737304688,145.6626734804045,142.32651847225287,143.0231790018653,77588800,0
2022-07-13,142.75828552246094,143.700252180436,139.4515504526769,140.30522551606126,71185600,1
2022-07-14,145.68234252929688,146.1533259024835,140.56035155748177,141.3747693527097,78140700,1
2022-07-15,147.35040283203125,148.0274497717396,145.41739039952375,146.96772607988603,76259900,0
2022-07-18,144.30865478515625,148.72416382298212,143.94559163866427,147.90974591488566,81420900,1
2022-07-19,148.16482543945312,148.39050276940443,144.1516228338136,145.1426536934173,82982400,1
2022-07-20,150.1665496826172,150.83378994510406,147.54668278325192,148.28260095629702,64823400,1
2022-07-21,152.4331512451172,152.64902171844827,149.0871738807754,151.59910487340264,65086600,0
2022-07-22,151.1968231201172,153.34570636779952,150.5295978961148,152.47241748797757,66675400,0
2022-07-25,150.07821655273438,152.12897123891142,149.42079823109208,151.1183116577891,53623900,0
2022-07-26,148.75357055664062,150.21558479499407,147.96858832963514,149.4011670445513,55138700,1
2022-07-27,153.84609985351562,154.37596918243503,149.30304304810883,149.7151553193297,78620700,1
2022-07-28,154.39556884765625,154.6801171580327,151.5107685187907,154.0325058653717,81378700,1
2022-07-29,159.45872497558594,160.55770616166393,156.50524578988953,158.21258113398608,101786900,0
2022-08-01,158.47752380371094,160.51847204780725,157.86916955763294,157.98691167692704,67829400,0
2022-08-02,157.00564575195312,159.36059231885778,156.63279081571793,157.09396729027588,59907000,1
2022-08-03,163.0107421875,163.4620968271696,157.73175246172306,157.82005902527283,82507500,0
2022-08-04,162.69674682617188,164.05084071884252,161.34265293350123,162.89298862903826,55474100,0
2022-08-05,162.47076416015625,162.96205765324038,160.16167874542583,160.3680286094797,56697000,0
2022-08-08,161.99913024902344,164.88793871959618,161.3407986917232,163.47301089783898,60276900,1
2022-08-09,162.04827880859375,162.93261628217675,160.4073599879795,161.16395632810153,63135500,1
2022-08-10,166.29302978515625,166.3912794896035,163.99376480339055,164.76018146628317,70170500,0
2022-08-11,165.5561065673828,168.01257432763373,165.26132743753485,167.09876052441393,57149200,1
2022-08-12,169.1032257080078,169.17199900038648,166.45022886043446,166.86292858705644,68039400,1
2022-08-15,170.17425537109375,170.37076978453467,168.36629877849532,168.53333677957454,54091700,0
2022-08-16,170.0170440673828,170.6852110892498,168.67090454328755,169.77139729331645,56377100,1
2022-08-17,171.51055908203125,173.08268924248625,169.56504107416526,169.76155547008622,79542000,0
2022-08-18,171.11753845214844,171.8544787813878,170.1054749327735,170.72450960712317,62290100,0
2022-08-19,168.53334045410156,170.71468497495962,168.32699056998192,170.01704154998163,70346300,0
2022-08-22,164.65211486816406,166.90223255698254,164.22959465128477,166.73519456201245,69026800,0
2022-08-23,164.31800842285156,165.77224787707962,163.74810620318166,164.1706263803019,54147100,1
2022-08-24,164.61279296875,165.18269520734955,163.3550828535949,164.40645810232692,53841500,1
2022-08-25,167.0692596435547,167.1773448089003,165.4185207470986,165.84102594330326,51218200,0
2022-08-26,160.77088928222656,168.0715189036816,160.71193645776907,167.599881314933,78961000,0
2022-08-29,158.5699005126953,160.06342201093398,157.03706713692557,158.34389469961232,73314000,0
2022-08-30,156.14291381835938,159.7293506019625,154.97363281420544,159.3068453614504,77906200,0
2022-08-31,154.4823455810547,157.78383884788298,154.40373681361956,157.5185361319256,87991100,1
2022-09-01,155.20945739746094,155.66143904544523,151.97673759886456,153.91243529158203,74229900,0
2022-09-02,153.09689331054688,157.56766760419046,152.2715237467297,156.9682888748041,76957800,0
2022-09-06,151.83917236328125,154.35459275815265,151.0138028574181,153.7453935980758,73714800,1
2022-09-07,153.2442626953125,153.94189101263512,150.9351774352468,152.1241142058328,87449600,0
2022-09-08,151.7703857421875,153.63729493578492,150.0213671908206,151.9472441951636,84923800,1
2022-09-09,154.62973022460938,155.07190642293236,152.05535676886382,152.76282069447305,68028800,1
2022-09-12,160.58416748046875,161.39971639450192,156.52609383916058,156.81103743896202,104956000,0
2022-09-13,151.16119384765625,157.7445243311509,150.69937671737435,157.1156691952697,122656600,1
2022-09-14,152.60560607910156,154.36444545311878,150.93521094229624,152.09465656902455,87965400,0
2022-09-15,149.71678161621094,152.5368165999088,148.74403004784534,151.9570788549336,90481100,0
2022-09-16,148.0758514404297,148.71454195841454,145.7864220311532,148.57698038414023,162278800,1
2022-09-19,151.7900390625,151.8686478234834,146.50373107588743,146.71006595451675,81474200,1
2022-09-20,154.1678924560547,155.32735289857166,150.41441795742156,150.72883799724963,107689800,0
2022-09-21,151.04327392578125,155.9758648340084,150.92536828428254,154.600234046477,101696800,0
2022-09-22,150.08035278320312,151.7802241971407,148.28221666613402,149.72662084225365,86652500,0
2022-09-23,147.81056213378906,148.8324610577634,145.97312915554878,148.55733788432917,96029900,1
2022-09-26,148.14463806152344,151.09239889982268,147.0343100146429,147.05396595162924,93339400,1
2022-09-27,149.11737060546875,152.02583419352277,147.33889085777966,150.08031648538008,84442700,0
2022-09-28,147.23081970214844,148.01689223253555,142.317885128587,145.06913148839868,146691400,0
2022-09-29,139.99899291992188,144.16516723784525,138.2303333041484,143.55596808972413,128138200,0
2022-09-30,135.79351806640625,140.60820327947016,135.59700366840286,138.8198877735382,124925300,1
2022-10-03,139.96951293945312,140.57872706512543,135.2924042908768,135.80335372086685,114311700,1
2022-10-04,143.5559539794922,143.6738596112587,141.74798266491518,142.50457878595228,87830100,1
2022-10-05,143.85073852539062,144.81368463210958,140.51976901629106,141.56132388640066,79471000,0
2022-10-06,142.8976287841797,144.97088807825529,142.69129389793306,143.27101666436323,68402200,0
2022-10-07,137.65061950683594,140.60821619318722,137.02176437961742,140.05795483791823,85925600,1
2022-10-10,137.97486877441406,139.4192729060871,136.15709176712548,137.97486877441406,74899000,0
2022-10-11,136.55992126464844,138.88866238055874,135.81316062854552,137.4638994009055,77033700,0
2022-10-12,135.9310760498047,137.9159059012539,135.7542175942047,136.70732814205925,70433700,1
2022-10-13,140.50013732910156,141.08968060374897,132.03022618093473,132.6394403890868,113224000,0
2022-10-14,135.9703826904297,142.00346577520415,135.78368877686898,141.79711592519322,88598000,1
2022-10-17,139.9302520751953,140.4117102259384,137.8275159869022,138.6135887754333,85250900,1
2022-10-18,141.2468719482422,144.14550040873658,138.1615495711484,142.95657861316172,99136600,1
2022-10-19,141.35494995117188,142.42596605805213,139.03604430161235,139.22273820875563,61758300,0
2022-10-20,140.89315795898438,143.34962560942563,140.16603813694184,140.52960554450746,64522000,1
2022-10-21,144.70556640625,145.27546856585172,140.16600506406664,140.3821753657461,86548600,1
2022-10-24,146.84762573242188,147.6140424012265,143.45770354454174,144.62698448602487,75981900,1
2022-10-25,149.6873321533203,149.83472923085242,146.7592264620596,147.47651092815792,74732300,0
2022-10-26,146.74937438964844,149.34340346890698,145.4621728259598,148.33134005875115,88194300,0
2022-10-27,142.27859497070312,146.45458955551916,141.62026350591435,145.49165853167307,109180200,1
2022-10-28,153.02813720703125,154.7574852960008,145.24604831703184,145.61942126085685,164762400,0
2022-10-31,150.6698760986328,151.55421333060897,149.27460445858512,150.4930176480896,97943200,0
2022-11-01,148.02674865722656,152.7431699919974,146.5332269791364,152.37961754304112,80379300,0
2022-11-02,142.5045928955078,149.5202635488904,142.47511648464766,146.35633217647393,93604600,0
2022-11-03,136.46173095703125,140.3134714284839,136.33398980843015,139.58635141865895,97918500,0
2022-11-04,136.19595336914062,140.41823769444375,132.25908536615194,139.84739003185524,140814800,1
2022-11-07,136.72744750976562,136.95381325392813,133.52874170596672,134.94601683421618,83374600,1
2022-11-08,137.29830932617188,139.1978414508791,135.32003801761655,138.19395064723454,89908500,0
2022-11-09,132.74134826660156,136.36327480735815,132.46576869499577,136.31406095143706,74917800,1
2022-11-10,144.5519256591797,144.5519256591797,137.29825219484707,139.0107949405163,118854000,1
2022-11-11,147.3372802734375,147.64238513720315,142.0914019190675,143.5185285677149,93979700,0
2022-11-14,145.93968200683594,147.9081158240503,145.10309162733654,146.6187940766482,73374100,1
2022-11-15,147.67189025878906,151.16586309626985,146.2152535189844,149.8174908111913,89868300,0
2022-11-16,146.44161987304688,147.50457588314197,144.96529458424104,146.77626501882386,64218300,1
2022-11-17,148.3411865234375,149.0891860323431,143.8433076526517,144.11888720950952,80389400,1
2022-11-18,148.90220642089844,150.28995621048665,147.6030475887024,149.90611212166033,74829600,0
2022-11-21,145.6739501953125,147.99670287508093,145.3885338782466,147.790025718782,58724100,1
2022-11-22,147.8096923828125,148.04590985414606,144.6109873377189,145.79205967642807,51804100,1
2022-11-23,148.68568420410156,149.4336837921187,146.98297781162248,147.09124229312135,58301400,0
2022-11-25,145.77236938476562,146.53022062215993,144.79798922240155,145.96920976620405,35195900,0
2022-11-28,141.94378662109375,144.32559012136235,141.11704788902577,142.8492645206864,69246000,0
2022-11-29,138.9419403076172,142.52449031453185,138.1348900130404,142.0126931655547,83763800,1
2022-11-30,145.69363403320312,146.3727461321645,138.33169544585772,139.16827084330671,111380900,1
2022-12-01,145.96922302246094,146.7762881829984,144.29605710134743,145.87081033178356,71250400,0
2022-12-02,145.47711181640625,145.66411544857186,143.35119950014382,143.65631938407483,65447400,0
2022-12-05,144.31573486328125,148.53801893223152,143.4693076933105,145.43774157529282,68826400,0
2022-12-06,140.65444946289062,144.9751613197971,139.68006926529813,144.7487956238567,64727200,0
2022-12-07,138.71551513671875,141.10715469937296,137.79034896224212,139.9457861095959,69721100,1
2022-12-08,140.3985595703125,141.25483863673134,138.87303512029186,140.11314322681335,62128300,0
2022-12-09,139.91632080078125,143.272505058159,138.676197516891,140.09347268821548,76097000,1
2022-12-12,142.2095184326172,142.21935519606154,138.8336463442299,140.44776160871248,70462700,1
2022-12-13,143.17404174804688,147.6030180487257,141.9634590975565,147.14043487810696,93886200,0
2022-12-14,140.94970703125,144.3452522886776,138.93205940879196,143.05593056925082,82291200,0
2022-12-15,134.3456268310547,139.5619801804679,133.88304361781863,138.88286801559113,98931900,0
2022-12-16,132.3870086669922,135.47744910553232,131.6193206930716,134.53260929976452,160156900,0
2022-12-19,130.28082275390625,133.06615916355452,129.24740673369394,132.97758322204413,79592600,0
2022-12-20,130.2119140625,131.14691722297425,127.83994745250584,129.31627297471567,77432800,1
2022-12-21,133.3122100830078,134.6507460089221,130.65482677922608,130.881192518899,85928000,0
2022-12-22,130.14297485351562,132.43620165155932,128.2434437608185,132.2295245469635,77852100,0
2022-12-23,129.7788848876953,130.33004413506166,127.59392142994788,128.8537182862033,63814900,0
2022-12-27,127.97777557373048,129.3360002668107,126.68845330094938,129.306474948958,69007800,0
2022-12-28,124.05070495605467,128.96194542125178,123.88338987714543,127.62340977201892,85438400,1
2022-12-29,127.56438446044922,128.42064856881274,125.7140589354878,125.9699499861123,75703700,1
2022-12-30,127.87931823730467,127.8990067839709,125.41878304163788,126.38331908581098,77034200,0
2023-01-03,123.09603118896484,128.83401111884518,122.21023430585916,128.2238013285794,112117500,1
2023-01-04,124.36566162109376,126.62936374107429,123.10586505340991,124.88729543343348,89113600,0
2023-01-05,123.04679870605467,125.7533952948206,122.79090770776376,125.12349705306252,80962700,1
2023-01-06,127.57421875,128.2336424206293,122.91887596059404,124.02120184221346,87754700,1
2023-01-09,128.0958251953125,131.30438194257326,127.83993420444634,128.41078181603234,70790800,1
2023-01-10,128.6667022705078,129.18833615231142,126.09789493911428,128.20411901412172,63896200,1
2023-01-11,131.3831329345703,131.4028064616691,128.40095662151043,129.1784814447806,69458900,0
2023-01-12,131.30441284179688,132.14098840377943,129.36550386584642,131.76699610111268,71379600,1
2023-01-13,132.63307189941406,132.7905502170586,129.58200833933589,129.94616380817476,57809700,1
2023-01-17,133.79449462890625,135.12317889828967,132.0130638191195,132.70201288672166,63646600,0
2023-01-18,133.0759735107422,136.42230495988363,132.8988066595986,134.66056331872014,69672800,1
2023-01-19,133.13504028320312,134.0995687562006,131.65871475561192,131.96381962844052,58280400,1
2023-01-20,135.69400024414062,135.84164181281548,132.10161400912494,133.14488168206822,80223600,1
2023-01-23,138.8828582763672,141.0579844042408,135.72351517113088,135.94004410758745,81760300,1
2023-01-24,140.2804412841797,140.90050277108796,138.08564168128757,138.0954784443646,66435100,0
2023-01-25,139.62103271484375,140.18202862963406,136.61916767862735,138.6663409653264,65799300,1
2023-01-26,141.68788146972656,141.9732977828438,139.6603818984353,140.9103416541343,54105100,1
2023-01-27,143.62677001953125,144.9062550377642,140.82176076743906,140.90049992434123,70555800,0
2023-01-30,140.74302673339844,143.2527830109075,140.59540019505755,142.67209860282117,64015300,1
2023-01-31,142.01268005371094,142.06189391275458,140.0344090710312,140.4477784546675,65874500,1
2023-02-01,143.1346893310547,144.29607334830789,139.08957136310852,141.69774073810188,77663600,1
2023-02-02,148.43963623046875,148.79393998354684,145.83145179927072,146.54992610628193,118339000,1
2023-02-03,152.0615234375,154.8960731461596,145.4967979818679,145.69363837431163,154357300,0
2023-02-06,149.33523559570312,150.68362304726807,148.40023248441526,150.16198925829823,69858300,1
2023-02-07,152.2091827392578,152.780030512787,148.26247720570987,148.26247720570987,83322600,0
2023-02-08,149.52224731445312,152.14026818212696,148.78408455222657,151.45131927430748,64120100,0
2023-02-09,148.48880004882812,151.89419715713953,148.04590544398496,151.3528748543498,56007100,1
2023-02-10,148.85354614257812,149.1788354914484,147.08911426452642,147.32569243849323,57450700,1
2023-02-13,151.65298461914062,152.0571182724141,148.7648180243575,148.79438841262413,62199000,0
2023-02-14,151.01229858398438,151.5741661946545,148.70571743057644,149.94771919605148,61707600,1
2023-02-15,153.11184692382812,153.27941747242824,150.69683660205456,150.92354792770303,65573800,0
2023-02-16,151.51498413085938,154.09756497312395,151.16012443154224,151.3178281549916,68167900,0
2023-02-17,150.37155151367188,150.81512239489066,148.69583093968438,150.17441057100683,59144100,0
2023-02-21,146.3596649169922,149.1394018439348,146.29067235544915,148.05510409777494,58867200,1
2023-02-22,146.78353881835938,147.8086807909047,145.0585291708209,146.74410160351695,51011300,1
2023-02-23,147.2665557861328,148.19313495368198,145.13741210681397,147.94670496405263,48394200,0
2023-02-24,144.61495971679688,145.0881010134071,143.6390916917033,145.00924162382364,55469600,1
2023-02-27,145.8076629638672,147.039812645864,145.34437348016522,145.60067024018994,44998500,0
2023-02-28,145.30494689941406,146.95109701970668,144.7332276594082,144.95008720013072,50547000,0
2023-03-01,143.23492431640625,145.12750429739225,142.9392054041828,144.73322244168676,55479000,1
2023-03-02,143.82638549804688,144.6149643784106,141.8450789930105,142.31823534576338,52238100,1
2023-03-03,148.8732452392578,148.95210462024477,145.2260853537234,145.9259379185379,70732300,1
2023-03-06,151.63327026367188,154.06799923846452,151.26855877090114,151.59383305095145,87558000,0
2023-03-07,149.4351348876953,151.83042689733767,148.97184535612897,151.50513754277677,56182000,1
2023-03-08,150.68698120117188,151.278419098267,149.66183922588297,150.62784041964048,47204800,0
2023-03-09,148.43954467773438,152.33313497413033,148.08468493947933,151.3671337581158,53833600,0
2023-03-10,146.37939453125,148.78455331931613,145.50210448552664,148.0649820559655,68572400,1
2023-03-13,148.3212432861328,150.95311305935627,145.59079552733544,145.69922529511118,84457100,1
2023-03-14,150.4109649658203,151.2093955139033,147.95653254628945,149.11967456920323,73695900,1
2023-03-15,150.80526733398438,151.06154904978908,147.7791005346977,149.03096880678774,77167900,1
2023-03-16,153.62445068359375,154.22574041738864,149.47456333381393,149.98714188743216,76161100,0
2023-03-17,152.78656005859375,154.50171782493953,152.07684064085686,153.8511391851991,98944600,1
2023-03-20,155.1522979736328,155.56631354554972,151.94870846939224,152.85558396503848,73641400,1
2023-03-21,157.0054168701172,157.12369840917287,154.30453974820858,155.0734148747329,73938300,0
2023-03-22,155.576171875,159.824622189753,155.55645326577164,157.02518131500096,75701800,1
2023-03-23,156.66043090820312,159.24302685232914,155.4282812343858,156.56186795883147,67622100,1
2023-03-24,157.96157836914062,158.0502895303303,155.59585715875076,156.59142861861952,59196500,0
2023-03-27,156.0196990966797,158.47414634705046,155.615550445655,157.65599726359355,52390300,0
2023-03-28,155.3987274169922,156.226743517172,153.7525770821358,155.71416498675424,45992200,1
2023-03-29,158.47418212890625,158.75018247951246,157.07446176772007,157.09416533498404,51305700,1
2023-03-30,160.04144287109375,160.14987263415844,158.96701206310877,159.2232937572216,49501700,1
2023-03-31,162.54518127441406,162.64375926608275,159.59788883873148,160.120319104618,68749800,1
2023-04-03,163.79702758789062,163.91530912930577,161.87487733545584,161.92416632467473,56976200,0
2023-04-04,163.2647705078125,164.45748300799937,162.75219201536794,164.22091988909426,46278300,0
2023-04-05,161.42147827148438,162.69306530915642,159.48947577581393,162.38749456021097,51511700,1
2023-04-06,162.30857849121094,162.6042973530528,159.6865609789051,160.11041314953246,45390100,0
2023-04-10,159.71617126464844,159.71617126464844,157.7940207437735,159.11488161033475,47716900,0
2023-04-11,158.50375366210938,160.0414742096721,158.21788648492154,160.03162242596915,47644200,0
2023-04-12,157.81373596191406,159.7457382241708,157.49829842634344,158.9177372546322,50133100,1
2023-04-13,163.19577026367188,163.43234843413578,159.11489082873655,159.3218986080038,68445600,0
2023-04-14,162.85076904296875,163.94491858408577,161.48061917083933,162.23961256067847,49386500,1
2023-04-17,162.8704833984375,163.02820218114718,161.6876226098968,162.73248322378927,41516200,1
2023-04-18,164.0927734375,165.01935243982652,163.2844759960185,163.72806193096773,49923000,1
2023-04-19,165.23623657226562,165.7586669315568,163.1760704888179,163.43236729662357,47720200,0
2023-04-20,164.27020263671875,165.47278202514906,163.19577163848064,163.71820194187683,52456400,0
2023-04-21,162.66351318359375,164.07308551692935,162.141082804298,162.69308357933554,58337300,1
2023-04-24,162.96902465820312,163.23517316391397,161.5495860155954,162.64373538253156,41949600,0
2023-04-25,161.43133544921875,163.93505711689548,161.3918982344198,162.83105575677226,48714100,0
2023-04-26,161.42147827148438,162.91977666468185,160.47519563222698,160.73147738017352,45498800,1
2023-04-27,166.0050811767578,166.15293313578908,162.8310621018307,162.8310621018307,64902300,1
2023-04-28,167.25692749023438,167.424513091262,165.4826438930684,166.08393356927388,55275900,0
2023-05-01,167.16822814941406,168.01594783420873,166.23179728666088,166.8626573980738,52472900,0
2023-05-02,166.13319396972656,167.91735928630777,165.14747425578494,167.6610625345139,48425700,0
2023-05-03,165.05877685546875,168.4792257513459,164.77292473257992,167.07950544573387,65136000,0
2023-05-04,163.42245483398438,164.65460440159984,161.96359395737636,162.53531316165655,81235400,1
2023-05-05,171.09140014648438,171.81097141948842,168.32151475691046,168.53837432535954,113453200,0
2023-05-08,171.0223846435547,171.36739258858665,169.65223472844943,170.0169462399646,55962800,0
2023-05-09,169.31707763671875,171.06179068201072,169.14950709207488,170.57879765359286,45326900,1
2023-05-10,171.08151245117188,171.54480192353225,169.44521410372417,170.5492304195713,53724500,1
2023-05-11,171.26881408691406,172.09681510347738,169.71137500858376,171.36739208260082,49514700,0
2023-05-12,170.34097290039062,171.81171738299747,168.79124488441096,171.3773983196224,45533100,0
2023-05-15,169.84742736816406,170.97270170588305,169.25517137496644,170.92334452950067,37266700,0
2023-05-16,169.84742736816406,170.9035986466086,169.58091066505557,169.76845889829133,42110300,1
2023-05-17,170.45941162109375,170.69630196545663,168.21872838992437,169.4920742376562,57951600,1
2023-05-18,172.78890991210938,172.97645812210007,170.35081330561755,170.76538642479474,65496700,1
2023-05-19,172.89747619628906,174.11158416944232,172.68031671339108,174.11158416944232,55809500,0
2023-05-22,171.94989013671875,172.45331220735133,171.2095777379714,171.73273062815065,43570900,0
2023-05-23,169.343994140625,171.140492823502,169.06761204505847,170.89372201948223,50747300,1
2023-05-24,169.620361328125,170.19287135053577,168.3174194294986,168.88004898113246,45143500,1
2023-05-25,170.7555389404297,171.65377326209193,169.47232768730396,170.18302884098296,56058300,1
2023-05-26,173.1640167236328,173.49963649375093,170.873991291327,171.08128541223243,54835000,1
2023-05-30,175.00985717773438,176.67803022234617,174.28929064745816,174.6742524991613,55964400,0
2023-05-31,174.96051025390625,177.03339115324283,174.47683402760893,175.03947872320146,99625300,1
2023-06-01,177.76382446289062,177.79343575638538,174.64463768008144,175.40469602373648,68901800,1
2023-06-02,178.61270141601562,179.43198227661338,176.94452840385708,178.69166987914852,61996900,0
2023-06-05,177.2603759765625,182.561007136821,175.74025964458482,180.2709822922528,121946500,0
2023-06-06,176.89517211914062,177.79340630920336,175.13815031318512,177.64534986625156,64848400,0
2023-06-07,175.5231475830078,178.86935913776645,175.02960596689772,176.135134367242,61944600,1
2023-06-08,178.2376251220703,178.50412674833163,175.1677956906412,175.60209965770608,50214900,1
2023-06-09,178.62261962890625,179.8762047090654,178.29688029779246,179.15563804055773,48900000,1
2023-06-12,181.416015625,181.51472997018055,178.63244881890137,178.92857679274874,54274900,0
2023-06-13,180.94219970703125,181.7713458918988,180.08344223425368,180.4387927508673,54929100,1
2023-06-14,181.57394409179688,182.0082630916424,179.668880824476,181.0014340521544,57462900,1
2023-06-15,183.6073455810547,184.1107676661695,181.4061542027307,181.5838370156226,65433200,0
2023-06-16,182.53140258789065,184.57467180700263,181.88980460620309,184.31802056497352,101256200,1
2023-06-20,182.6202392578125,183.69617128575536,182.0279984336963,182.0279984336963,49799100,0
2023-06-21,181.5838623046875,183.01513017043268,180.2315478537848,182.5117080152066,49515700,1
2023-06-22,184.5845642089844,184.6339213828765,181.2975752421376,181.3666782979256,51245300,0
2023-06-23,184.26870727539065,185.1373454182768,182.62027993546528,183.1533133637622,53117000,0
2023-06-26,182.87692260742188,185.62101290744985,182.8374308418657,184.4167701068108,48088700,1
2023-06-27,185.63087463378903,185.95661391553264,183.27174625542972,183.48890577659213,50730800,1
2023-06-28,186.8054962158203,187.44709427325768,185.17681495512895,185.5025391579117,51216800,1
2023-06-29,187.1410980224609,187.61490879718235,186.49949997485515,186.6376910187253,46347300,1
2023-06-30,191.46453857421875,191.96794560784363,188.78953634841972,189.1547673916645,85213200,0
2023-07-03,189.9740295410156,191.37568580561535,189.28305928715224,191.27697146600815,31458200,0
2023-07-05,188.858642578125,190.48732393792235,188.15780683402292,189.09554798353173,46920300,1
2023-07-06,189.3324279785156,189.53972207962792,186.756140199604,187.3878728511301,45094300,0
2023-07-07,188.21701049804688,190.1813114167851,187.7827065576724,188.9375920522482,46815000,0
2023-07-10,186.17376708984372,187.5359467558433,184.6240392018072,186.8153651594175,59922200,0
2023-07-11,185.65060424804688,186.85484691926047,184.18972537508213,186.71665587805697,46638100,1
2023-07-12,187.3187713623047,189.22383458950756,186.0355602702456,187.22992243297557,60750200,1
2023-07-13,188.07882690429688,188.72044002337208,187.32864909209997,188.0393502033157,41342300,1
2023-07-14,188.22686767578125,188.7105287268448,187.1805620612046,187.77280284934832,41616200,1
2023-07-17,191.48426818847656,191.81000743962883,189.33241906132668,189.421252931179,50520200,0
2023-07-18,191.2276153564453,191.8198712739852,189.93453883356676,190.85253399958413,48288200,1
2023-07-19,192.5799560546875,195.66951651285703,190.1615899429346,190.60578947313948,80507300,0
2023-07-20,190.63540649414065,193.93226116956544,190.01353918252772,192.57008136763105,59581200,0
2023-07-21,189.46075439453125,192.4516153262713,188.7599186858544,191.59285775033445,71951700,1
2023-07-24,190.26028442382807,192.3923877240068,189.766742829992,190.9117629424984,45377800,1
2023-07-25,191.1190490722656,191.928464545818,190.4280938275836,190.83280156435973,37283200,1
2023-07-26,191.9876708984375,193.112945076557,190.82292002182845,191.16839008411552,47471900,0
2023-07-27,190.7242126464844,194.6527994732912,190.06286872536143,193.48804855415668,47460200,1
2023-07-28,193.30050659179688,194.09017617119656,191.63233355900985,192.15548645475204,48291400,1
2023-07-31,193.91249084472656,193.95198260711592,192.7378594315981,193.52752900074864,38824100,0
2023-08-01,193.0833282470703,194.1888565133771,192.75758901252783,193.7051954277144,35175100,0
2023-08-02,190.0924835205078,192.65889079076132,189.3719170053564,192.52069974591456,50389300,0
2023-08-03,188.70069885253903,189.885195713569,188.22690312046603,189.09554118067888,61235200,0
2023-08-04,179.63926696777344,184.9596445164711,179.57016391801557,183.12366926443607,115956800,0
2023-08-07,176.53985595703125,180.76457131743229,175.0592309925441,179.77748800777417,97576100,1
2023-08-08,177.4775848388672,177.94151520653074,175.2862586525361,177.3690050706545,67823000,0
2023-08-09,175.88833618164062,178.59293417746048,174.7235703168388,178.53371160261662,60378500,0
2023-08-10,175.6712188720703,178.41530928434332,175.30600286506225,177.1617092563292,54686900,1
2023-08-11,175.73048400878906,176.55087114534,174.50485775151037,175.26594233781003,52036700,1
2023-08-14,177.38116455078125,177.60849603671858,175.2560608313475,175.90841909398483,43675600,0
2023-08-15,175.39442443847656,177.40090780634856,174.99906405268155,176.80786722765603,43622600,0
2023-08-16,174.52464294433594,176.47180884084688,174.45544657600635,175.07815356283987,46964900,0
2023-08-17,171.98440551757812,175.4537406821077,171.47042491030345,175.08803154260252,66062900,1
2023-08-18,172.46873474121094,173.07166917955516,169.96804315644715,170.30410101859755,61172200,1
2023-08-21,173.80308532714844,174.08973444525807,171.7274205434044,173.0420157807921,46311900,1
2023-08-22,175.17698669433594,175.62177093693052,174.2083431088137,175.00895776189057,42038900,1
2023-08-23,179.02191162109375,179.44693836874362,176.26423745502308,176.45203891919172,52722800,0
2023-08-24,174.33685302734375,179.00217866700072,173.9711287799832,178.57715186115848,54945800,1
2023-08-25,176.54100036621094,177.0747384245456,173.78332608108835,175.3252527852027,51449600,1
2023-08-28,178.1027069091797,178.49806733287568,176.48170504077262,178.003859262239,43820700,1
2023-08-29,181.98716735839844,182.7581307092116,177.4206898063463,177.61837000977968,53003900,1
2023-08-30,185.47625732421875,185.67395259086385,182.5999782117213,182.79765839633507,60813900,1
2023-08-31,185.6937255859375,186.9292456956689,185.30824391498265,185.66407430986652,60794500,1
2023-09-01,187.2653045654297,187.7199674857303,186.0989658267709,187.294955839274,45766500,1
2023-09-05,187.5025177001953,187.77927298177536,185.43673181910435,186.09896874874457,45280000,0
2023-09-06,180.7911834716797,186.6623772265621,179.36786194540127,186.2175779380761,81755800,0
2023-09-07,175.50315856933594,176.14563807720947,171.5297216636145,173.1507234483217,112488800,1
2023-09-08,176.11599731445312,178.15214742516778,175.73051558651892,176.2840413464044,65551300,1
2023-09-11,177.28233337402344,178.21144703159865,175.2857283917044,177.9841155245434,58953100,0
2023-09-12,174.2577667236328,178.043402311121,172.79491507430097,177.4108165912451,90370200,0
2023-09-13,172.19198608398438,175.24618840249718,171.96463950783718,174.46533118918654,84267900,1
2023-09-14,173.7042694091797,174.06009984649242,171.5692867853032,171.98441978182902,60895800,0
2023-09-15,172.98268127441406,174.45542656560403,171.80647888602266,174.4356540223445,109259500,1
2023-09-18,175.90841674804688,177.30208708635865,174.1292647291417,174.43567131089117,67257600,1
2023-09-19,176.99569702148438,177.54920768301113,175.07816717117066,175.4636488877364,51826900,0
2023-09-20,173.45716857910156,177.61839243619755,173.3681996565953,177.1834868845125,58436200,0
2023-09-21,171.91522216796875,174.25777881422758,171.84604087673063,172.52805046683002,63149100,1
2023-09-22,172.7652587890625,175.02874030453424,172.03384046276338,172.64665367280514,56725400,1
2023-09-25,174.04029846191406,174.91998813589507,172.13264765845275,172.18207147695253,46172700,0
2023-09-26,169.9680633544922,173.17052232124786,169.6715354659317,172.79493440563715,64588900,0
2023-09-27,168.4557647705078,171.03553164114703,167.0917606780329,170.62039864934732,66921800,1
2023-09-28,168.7127685546875,170.03724268196555,165.6783234920371,167.37840061261642,56294400,1
2023-09-29,169.2267303466797,171.06518493104676,168.36679806748614,170.0273449898337,51861100,1
2023-10-02,171.73728942871094,172.28092127496365,168.94994891630552,169.2365980179806,52164500,0
2023-10-03,170.40293884277344,171.61870157072957,168.84125459232132,170.26456118455488,49594600,1
2023-10-04,171.64834594726562,172.19197782627828,168.9895041879398,169.10810929534875,53020300,1
2023-10-05,172.88388061523438,173.41761872545223,170.67970163713667,171.77684421895017,48527900,1
2023-10-06,175.4339599609375,175.9281679572511,171.173874363808,171.78670253501804,57266700,1
2023-10-09,176.91661071777344,176.9759132731787,173.76356081110382,174.76185568517045,42390800,0
2023-10-10,176.32354736328125,177.6381425852869,175.88864186643335,176.03691333055846,43698000,1
2023-10-11,177.71722412109375,177.76664794425923,175.54271164011269,176.13575227199846,47551100,1
2023-10-12,178.61666870117188,180.2277765858699,176.96600064702005,177.98408304070654,56743100,0
2023-10-13,176.7782440185547,179.82255265296823,176.0764618780152,179.31846581874476,51427100,0
2023-10-16,176.6497344970703,177.0055649122618,174.46532818230494,174.70255348644375,52517000,0
2023-10-17,175.09788513183594,176.35317765161014,172.77511662397336,174.6036771409676,57549400,0
2023-10-18,173.80308532714844,175.52293478970745,173.08154578913502,173.54610256783715,54764400,0
2023-10-19,173.42750549316406,175.77992569036093,173.16062890788183,174.0007735918687,59302900,0
2023-10-20,170.8773651123047,173.3879351486228,170.6401398397108,173.27920878393786,64244000,1
2023-10-23,170.99598693847656,171.99428177951037,167.96154224302492,168.93020088937016,55980100,1
2023-10-24,171.43092346191406,171.6582549852611,169.46396961859497,171.04544171274492,43816600,0
2023-10-25,169.11798095703125,171.05526784044204,168.67318169844384,169.88894421827058,57157000,0
2023-10-26,164.95680236816406,169.39479716399708,163.7509332268827,168.39648700816127,70625300,1
2023-10-27,166.2713623046875,167.00279566914165,164.89746448966903,164.97653958977486,58499100,1
2023-10-30,168.31736755371094,169.18717852998205,166.91381853056686,167.06208999172168,51131000,1
2023-10-31,168.7918243408203,168.92030818010912,165.9550598323106,167.38827526603964,44846000,1
2023-11-01,171.9547576904297,172.2117404582064,168.14934950515965,169.01916053768616,56934900,1
2023-11-02,175.5130157470703,175.72057463675702,173.4274576287177,173.48676016862817,77334800,0
2023-11-03,174.60369873046875,174.77174274032964,171.34193765305042,172.22162738228718,79829200,1
2023-11-06,177.15380859375,177.35148879200258,174.16880291146146,174.33683183407777,63841300,1
2023-11-07,179.7138214111328,180.32663456302825,176.89682951103612,177.1043884447924,70530000,1
2023-11-08,180.7714385986328,181.32494925868284,179.48649451949703,180.2377004855944,49340300,0
2023-11-09,180.2969970703125,181.98718027395728,179.70394133589065,180.8406289798602,53763500,1
2023-11-10,184.4834899902344,184.65175539538808,181.6430032262288,182.07848170612576,66133400,0
2023-11-13,182.8999481201172,184.11729742228064,182.31601793716675,183.9094650326421,43627500,1
2023-11-14,185.51280212402344,186.175911578356,184.3845238566377,185.77012344749636,60108400,1
2023-11-15,186.0769195556641,187.5516051595664,185.8492885905992,185.9185761158243,53790500,1
2023-11-16,187.7594757080078,188.9966236513369,186.7103615664657,187.6209157424311,54412900,0
2023-11-17,187.73968505859372,188.42259316852056,186.63120528706287,188.2939249443592,50922700,1
2023-11-20,189.48155212402344,189.9368291546864,187.9277023558229,187.9375941014389,46505100,0
2023-11-21,188.67990112304688,189.55085808280583,187.78916067013205,189.441988462836,38134500,1
2023-11-22,189.343017578125,190.9463564933125,188.8679569924961,189.52117473642568,39617700,0
2023-11-24,188.0167999267578,188.9372307617957,187.30420149232032,188.9075404188528,24048300,0
2023-11-27,187.83865356445312,188.709610612586,186.95780476873864,187.9673217925377,40552600,1
2023-11-28,188.4423675537109,189.11538388382388,187.45264920500043,187.8287470101196,38415400,0
2023-11-29,187.4229736328125,190.11500896160672,187.02709230289176,188.93724161752115,43014200,1
2023-11-30,187.99696350097656,188.36316949342205,186.25506495725764,187.88809389812533,48794400,1
2023-12-01,189.27377319335935,189.59047526340808,187.28442932404568,188.37312572525744,45704800,0
2023-12-04,187.4823303222656,188.09596593756663,185.52269231677565,188.02667840765253,43389500,1
2023-12-05,191.43130493164065,192.40122460244103,188.22461231756915,188.254317759258,66628400,0
2023-12-06,190.34262084960935,192.7575206909756,190.1347733725338,192.45071045016567,41089700,1
2023-12-07,192.2725830078125,192.99507315570867,191.5995666945876,191.63916388460837,47477700,1
2023-12-08,193.69776916503903,193.97488907234165,191.6787354382317,192.2032849129047,53406400,0
2023-12-11,191.19378662109372,191.5006120000344,189.4518877342921,191.12451418849048,60943700,1
2023-12-12,192.70806884765625,192.7179605945877,189.7488055095461,191.09482308550776,52696900,1
2023-12-13,195.9246368408203,195.96421892707963,192.8466123940007,193.08413511536145,70404200,1
2023-12-14,196.07308959960935,197.56755876987648,194.14314196862804,195.9840185786185,66831600,0
2023-12-15,195.5386505126953,196.36010340669733,194.97450383643803,195.4990533238864,128538400,0
2023-12-18,193.87591552734372,194.6083124997745,192.39133809002112,194.0738561652729,55751900,1
2023-12-19,194.91514587402344,194.9250376214273,193.87593852424985,194.14316672319836,40714100,0
2023-12-20,192.82681274414065,195.64750075817216,192.82681274414065,194.87552171417175,52242800,0
2023-12-21,192.6783447265625,195.0536776254948,191.51048442189503,194.0837579535961,46482500,0
2023-12-22,191.6094512939453,193.4008388358449,190.9859239896969,193.1731927744169,37149600,0
2023-12-26,191.0651397705078,191.8964996004414,190.84740051477695,191.6193796571302,28919300,1
2023-12-27,191.16409301757807,191.5105004803971,189.12527563548676,190.5108903848591,48087700,1
2023-12-28,191.5896759033203,192.65857351066376,191.18388776405132,192.1439157511496,34049900,0
2023-12-29,190.5504608154297,192.40122918172025,189.758683164504,191.9063700376295,42672100,0
2024-01-02,183.73130798339844,186.5025222946912,181.9993009265784,185.22577720716956,82488700,0
2024-01-03,182.3556060791016,183.96885182302103,181.5440297827802,182.3259157367389,58414500,0
2024-01-04,180.03965759277344,181.2075179249861,179.0202489631632,180.2771803169373,71983600,0
2024-01-05,179.31715393066406,180.8809106532784,178.31754388665928,180.1188384374096,62379700,1
2024-01-08,183.65213012695312,183.6917273170526,179.63387614033877,180.21780632812883,59144500,0
2024-01-09,183.2364501953125,183.2463419418833,180.85122540618832,182.0289926299427,42841800,1
2024-01-10,184.2756500244141,184.48348240733844,182.02898528742008,182.4545720032457,46792900,0
2024-01-11,183.68179321289065,185.12678839904137,181.7320471921432,184.62202246254373,49128400,1
2024-01-12,184.0083923339844,184.8199684469234,183.28590232990703,184.14695226766904,40477800,0
2024-01-16,181.7419891357422,182.3655014396163,179.06973745492456,180.28710192352952,65603000,0
2024-01-17,180.8017578125,181.0491874231052,178.4462381888341,179.40626628613458,47317400,1
2024-01-18,186.69058227539065,187.1953332109462,183.9193677995691,184.17668914088887,78005800,1
2024-01-19,189.5904235839844,189.9764130933981,186.87860527237555,187.3833561379468,68903000,1
2024-01-22,191.896484375,193.32168117146784,190.2832386815117,190.32283587135973,60133900,1
2024-01-23,193.1732177734375,193.73736447446063,191.83710707958323,193.01487431695853,42355600,0
2024-01-24,192.50021362304688,194.36088890095837,192.34185506707504,193.41075266703035,53631300,0
2024-01-25,192.1735992431641,194.2520137003454,191.124500268323,193.21280647175476,54822100,0
2024-01-26,190.44158935546875,192.7575265029299,189.96652881027472,192.2725742116348,44594000,0
2024-01-29,189.7586975097656,190.22386634852867,187.63080907007364,190.03581744325376,47145600,0
2024-01-30,186.10662841796875,189.8279790097777,185.54249682198056,188.97682064057707,55859400,0
2024-01-31,182.5040283203125,185.1762795166647,182.45455449229945,185.11688373962707,55467800,1
2024-02-01,184.9387664794922,185.02783750412453,181.93002942176477,182.0982797244824,64885400,0
2024-02-02,183.93914794921875,185.40392677166545,177.4070012757119,178.01073002917815,102551700,1
2024-02-05,185.7503204345703,187.30418539055444,183.9292424150712,186.21548923655905,69668800,1
2024-02-06,187.35369873046875,187.36359047791996,184.8497123520045,184.93878338477884,43490800,1
2024-02-07,187.4625396728516,189.0856770188276,186.6707620426896,188.67988890685805,53439000,0
2024-02-08,186.38375854492188,187.5912009839088,185.42373058041275,187.44274927884152,40962000,1
2024-02-09,187.1468048095703,188.2765227675386,186.3044647449669,186.9485964735415,45155200,0
2024-02-12,185.46212768554688,186.96842336096995,185.1053738445565,186.72067805809252,41781900,0
2024-02-13,183.37115478515625,184.53061609699293,181.8549547572752,184.0945819491523,56529500,0
2024-02-14,182.48919677734372,183.85675578337245,180.7946272553445,183.64865818230027,54630500,0
2024-02-15,182.2017974853516,182.82612045767797,179.71444020641266,181.89459574378543,65434500,0
2024-02-16,180.665771484375,183.18287207946287,180.0315441516518,181.76576116844507,49752500,0
2024-02-20,179.92254638671875,180.78469520216956,178.3766181157698,180.15046783149373,53665600,1
2024-02-21,180.6756896972656,181.24054108716464,179.03065736673128,180.29911202321813,41371400,1
2024-02-22,182.7071990966797,183.29188949706392,180.8144364958238,181.82522643308516,52292200,0
2024-02-23,180.8739013671875,183.3711632214272,180.58650833781007,183.3414349937225,45119700,0
2024-02-26,179.5261688232422,181.1117297677085,179.02075870271764,180.59643039937333,40867400,1
2024-02-27,180.98287963867188,182.26123857968312,177.94056046222855,179.4666797946294,54318900,0
2024-02-28,179.7838134765625,181.46847854843008,178.50545433930714,180.8639793914523,48953900,0
2024-02-29,179.11985778808594,180.9234508895373,177.9108594746495,179.63517226295397,136682600,0
2024-03-01,178.0396728515625,178.90182159301432,175.78023709238585,177.93066432277888,73563100,0
2024-03-04,173.5208282470703,175.3045824548566,172.2226300679557,174.5613464945542,81510100,0
2024-03-05,168.5857391357422,170.48842147609815,168.09024847040442,169.21996658252752,95132400,0
2024-03-06,167.5947265625,169.6956168742887,167.1586924388991,169.51723240501005,68587700,0
2024-03-07,167.475830078125,169.1902233947002,166.97043508778398,167.62447121611535,71765100,1
2024-03-08,169.19021606445312,172.13343143853632,167.4163663695346,167.4758228221548,76267000,1
2024-03-11,171.19200134277344,172.8073055285168,170.49831753088682,171.3802901891083,60139500,1
2024-03-12,171.6676788330078,172.4604668624585,169.4676992338398,171.58839851794536,59825400,0
2024-03-13,169.5866241455078,171.62804307697533,169.21995080494636,171.21183277143888,52488700,1
2024-03-14,171.4397430419922,172.73792596009017,170.49831395125625,171.35055836544484,72913500,0
2024-03-15,171.06317138671875,171.06317138671875,168.75418335618096,169.62625165850892,121752700,1
2024-03-18,172.1532440185547,176.10726419166866,171.9550508157469,173.98656516716397,75604200,1
2024-03-19,174.49197387695312,175.01719271038215,171.46947815172825,172.76766112194616,55215200,1
2024-03-20,177.05862426757812,177.05862426757812,173.51090945491785,174.1352325028599,53423100,0
2024-03-21,169.82443237304688,175.88924720546055,169.2992135808601,175.4532130863986,106181300,1
2024-03-22,170.72625732421875,171.48931715990707,168.5262776263353,170.210942813777,71160100,0
2024-03-25,169.30914306640625,170.3893089389317,167.92176032191367,169.03166954174233,54288300,0
2024-03-26,168.17942810058594,169.87399750483326,168.0505957042821,168.4668059986792,57388400,1
2024-03-27,171.74696350097656,172.0343565405087,168.57582642397568,168.87312383270142,60273300,0
2024-03-28,169.93344116210938,170.67667701496117,168.97218824939392,170.2010103030642,65672700,0
2024-04-01,168.4965362548828,169.70553455748254,167.9514935576168,169.6460781034487,46240500,0
2024-04-02,167.31727600097656,167.81276664190898,166.71277681419204,167.5551169522469,49329500,1
2024-04-03,168.1199493408203,169.14065873561202,167.05960735256843,167.26770493028647,47691700,0
2024-04-04,167.29747009277344,170.3695030458197,167.29747009277344,168.75419869027797,53704400,1
2024-04-05,168.0505828857422,168.85327518664994,167.4262599311819,168.0604872534819,42104800,0
2024-04-08,166.93080139160156,167.67403738632925,166.72270378093583,167.50557237539863,37425500,1
2024-04-09,168.13978576660156,168.5460917055098,166.83169838821917,167.17853275073267,42373800,0
2024-04-10,166.26683044433594,167.5650134431552,165.60287483124418,167.27763553824258,49709300,1
2024-04-11,173.4613494873047,173.87757491447604,166.64340884278624,166.8217782077108,91070300,1
2024-04-12,174.95773315429688,176.7514066994258,172.63884078505302,172.68837774790788,101670900,0
2024-04-15,171.13255310058594,175.0370216134587,170.94426424521788,173.77847120218846,73531800,0
2024-04-16,167.8524169921875,172.1929047923956,166.75242714722782,170.20103782824685,73711200,0
2024-04-17,166.48484802246094,169.11094225529814,166.48484802246094,168.08032842085646,50901200,0
2024-04-18,165.5334930419922,167.11906901091456,165.0479219314042,166.51456987389489,43122900,0
2024-04-19,163.5118865966797,164.89925413145542,162.60018577080248,164.71098041837104,68149400,1
2024-04-22,164.3443145751953,165.75150603037284,163.28397258003716,164.0272084619306,48116400,1
2024-04-23,165.39476013183594,165.54341638804536,163.43262154349364,163.85875133255257,49537800,1
2024-04-24,167.4956817626953,167.77315534715606,164.71102642645795,165.0380369843625,48251800,1
2024-04-25,168.35781860351562,169.07132637527934,166.63350563489078,168.00106471763377,50558300,0
2024-04-26,167.77310180664062,169.79469657988224,167.6541737932701,168.34787265422193,44838400,1
2024-04-29,171.93524169921875,174.44242297655094,171.53885525962073,171.80640930182136,68169400,0
2024-04-30,168.79383850097656,173.41181476528868,168.46681287321124,171.76678225756265,65934800,0
2024-05-01,167.77310180664062,171.1523509575647,167.5848129798778,168.05057530255277,50383100,1
2024-05-02,171.469482421875,171.8559644998941,169.34878317714927,170.95416794412498,94214900,1
2024-05-03,181.72613525390625,185.31348231884328,181.01262758822543,184.9666328542693,163224100,0
2024-05-06,180.07119750976562,182.53873097916653,178.79282331517493,180.7054248623681,78569700,1
2024-05-07,180.7549591064453,183.2324120279765,179.68471275097576,181.7954923577229,77305800,1
2024-05-08,181.09190368652344,181.41892928578648,179.81352951475225,181.20091221961115,45057100,1
2024-05-09,182.90542602539065,182.99461071341904,180.46760537105857,180.9135439323752,48983000,0
2024-05-10,181.6451568603516,183.669493895456,180.7322193628195,183.48094965782863,50759500,1
2024-05-13,184.8503570556641,185.6640710757596,183.2030934113359,184.01680743143143,72044800,1
2024-05-14,185.99154663085935,186.8548800445926,184.8602962551219,186.0709344816443,52393600,1
2024-05-15,188.26397705078125,189.18683240943687,185.9320062923224,186.46787049037357,70400000,1
2024-05-16,188.38304138183597,189.6333810173086,188.2044300863017,189.00821119957223,52845200,1
2024-05-17,188.41281127929688,189.34559954047236,187.72810435814964,188.0555735439889,41282900,1
2024-05-20,189.57383728027344,190.44708847543168,187.5594179346384,187.8769693298537,44361300,1
2024-05-21,190.873779296875,191.2508526180576,189.4547462309282,189.62343971650407,42309400,0
2024-05-22,189.43490600585935,191.3401840301744,188.8097513226368,190.79440205142183,34648500,0
2024-05-23,185.44577026367188,189.5341459487459,185.19768892080705,189.51429520164533,51005900,1
2024-05-24,188.5219573974609,189.11735863774425,186.59684388111853,187.37087155015985,36327000,1
2024-05-28,188.5318756103516,191.51876909707792,187.6487067626696,190.04019905563405,52280100,1
2024-05-29,188.82960510253903,190.77456966628964,188.05559245514976,188.154831057814,53068000,1
2024-05-30,189.8219146728516,190.70508365256933,189.16699143181853,189.29598343446253,49889100,1
2024-05-31,190.7745513916016,191.09210277636024,188.45251367186648,189.9707702687458,75158300,1
2024-06-03,192.5408935546875,193.49353258818425,191.04248767189637,191.4195610224673,50080500,1
2024-06-04,192.85842895507807,193.82098571162211,191.54855228534225,193.14619663099631,47471400,1
2024-06-05,194.36676025390625,195.38885414673365,193.3744349100596,193.90036613096368,54156800,0
2024-06-06,192.9874267578125,194.9919281725913,192.67980832687616,194.1881470745491,41181800,1
2024-06-07,195.37892150878903,195.42854080055037,192.6500270204212,193.15610745634936,53103900,0
2024-06-10,191.63787841796875,195.78580650726497,190.6753215585116,195.3888672580803,97010200,1
2024-06-11,205.5601959228516,205.5701288673056,192.14396771907968,192.1638033246204,172373300,1
2024-06-12,211.43475341796875,218.51002232587345,205.3120931521647,205.7784872423207,198134300,1
2024-06-13,212.5957794189453,215.08651049080893,209.97604121171415,213.09194207290332,97862700,0
2024-06-14,210.85922241210935,213.5186471242216,209.67835280423736,212.2087855151512,70122700,1
2024-06-17,215.0071258544922,217.2696263789355,211.0874438581257,211.73244926121387,93728300,0
2024-06-18,212.6453857421875,216.95208913019516,211.36529274424583,215.9200623200828,79943300,0
2024-06-20,208.07077026367188,212.59578653831548,207.24715355520107,212.28815296354617,86172500,0
2024-06-21,205.89761352539065,210.2638394583417,205.52052500822023,208.77535128006048,241805100,1
2024-06-24,206.5426025390625,211.0676038174596,205.0044951825124,206.12582769938732,80727000,1
2024-06-25,207.46543884277344,209.75770765432128,207.00896258400965,207.54481153486356,55549700,1
2024-06-26,211.6133728027344,213.21101716086312,209.02340313251776,209.87680350658064,66213200,1
2024-06-27,212.4568634033203,214.0842763709762,210.7202940415425,213.0423317255729,49772700,0
2024-06-28,209.0035400390625,214.41172478378184,208.6860038316288,214.11402417940656,82542700,1
2024-07-01,215.0865020751953,215.840663828698,210.29356920849017,210.4622626872336,60402900,1
2024-07-02,218.5794982910156,218.68865467979296,213.4491783018458,214.49110775455017,58046200,1
2024-07-03,219.8496856689453,219.8496856689453,217.34902153194005,218.31157833867707,37369800,1
2024-07-05,224.6029052734375,224.71206166235044,219.94889718329503,219.94889718329503,60412400,1
2024-07-08,226.07156372070312,226.1013322692385,221.53662969916704,225.3471553285217,59085900,1
2024-07-09,226.92495727539065,227.63943274976205,224.6326881041504,226.180713251394,48076100,1
2024-07-10,231.19195556640625,231.29119415797783,227.49058625437067,227.5402055501565,62627700,0
2024-07-11,225.8235015869141,230.6065022056456,224.0373128145247,229.61417679228308,64710600,1
2024-07-12,228.7706756591797,230.8545649156238,226.92494993371523,227.16311346469493,53046500,1
2024-07-15,232.60104370117188,235.40932611038664,231.3010999839828,234.66508213718532,62631300,1
2024-07-16,233.0178375244141,234.4567062015191,230.5469420413052,233.196448812944,43234300,0
2024-07-17,227.12342834472656,229.6836295353235,224.9006141352506,227.68904591405493,57345900,0
2024-07-18,222.45950317382807,228.67146993188885,220.5641731481692,228.51269423226464,66034600,1
2024-07-19,222.5885009765625,225.0593965950336,221.56640705838356,223.0945966051545,49151500,0
2024-07-22,222.2411956787109,226.03187070395737,221.3778623137636,225.2677759323044,48201800,1
2024-07-23,223.2831268310547,225.19832267550643,220.97100689389265,222.64803919770813,39960300,0
2024-07-24,216.86279296875,223.0747598557794,215.46362561910504,222.28089648286087,61777600,0
2024-07-25,215.8208465576172,219.15506035064124,212.97286249707204,217.2497823474704,51391200,1
2024-07-26,216.2872467041016,217.80550332568987,214.3522000978136,217.02155779536065,41601300,1
2024-07-29,216.5650787353516,217.6169411297709,214.0941832894869,215.2949035637868,36311800,1
2024-07-30,217.1207733154297,218.63902977566391,214.4613337033208,217.50777956722112,41643800,1
2024-07-31,220.37564086914065,222.10229262756215,218.9367719746318,219.7405531778278,50036300,0
2024-08-01,216.6841583251953,222.7571844619209,215.35444602521784,222.64802807062824,62501000,1
2024-08-02,218.1726531982422,223.86860618805187,216.0391597412521,217.46809553371503,105568600,0
2024-08-05,207.66392517089844,211.8614570593827,194.49576385779395,197.56204548052773,119548600,0
2024-08-06,205.63958740234372,208.37841518370308,199.52687447574849,203.7244066576652,69660500,1
2024-08-07,208.2097320556641,212.0004073803907,204.8060479069825,205.31212843272613,63516400,1
2024-08-08,211.6729278564453,212.55609685346144,207.2273143208112,211.4744658055274,47161100,1
2024-08-09,214.5804443359375,215.11629337558463,210.3432107490655,210.47221789303092,42201600,1
2024-08-12,216.11038208007807,218.0774562105273,214.19298467780987,214.659918636134,38028100,1
2024-08-13,219.82598876953125,220.44193777769505,217.5807279037812,217.5807279037812,44155300,1
2024-08-14,220.2730407714844,221.5744891931242,218.2662191901357,219.13055181670975,41960600,1
2024-08-15,223.2534637451172,223.87935717471936,221.30624816369337,223.13425172393931,46414000,1
2024-08-16,224.5747985839844,225.34970708383625,222.1904519112624,222.45869413327577,44340200,0
2024-08-19,224.4158477783203,224.515201244893,221.5844407323156,224.24695901251525,40687800,1
2024-08-20,225.0317840576172,225.68748051768907,223.97870407222223,224.2966230198485,30299000,0
2024-08-21,224.9224853515625,226.4921759358446,223.58130467937312,225.0417125280657,34765500,0
2024-08-22,223.0647125244141,226.84984597984075,222.4388190632393,226.3034322565302,43695300,1
2024-08-23,225.359619140625,226.7306179936649,222.8660050723941,224.18732719786425,38677300,1
2024-08-26,225.6974029541016,225.7967564120236,222.4288803537143,225.28014571740596,30602200,1
2024-08-27,226.54185485839844,227.356510742363,223.42234738221904,224.52510403050715,35934600,0
2024-08-28,225.0119171142578,228.35991942602843,224.20719049274723,226.43257756563744,38052200,1
2024-08-29,228.29039001464844,231.3999685703833,227.38634017099784,228.59837969678284,51906300,0
2024-08-30,227.50555419921875,228.8964117856607,225.99546942021695,228.68779072729976,52990800,0
2024-09-03,221.3162078857422,227.50554667965343,219.72664341730945,227.05848641015996,50190600,0
2024-09-04,219.4087371826172,220.33266071869627,216.06071952153204,220.21344869061124,43840200,1
2024-09-05,220.92872619628903,224.00848612752256,220.07433805346517,220.18362078658944,36615400,0
2024-09-06,219.37892150878903,223.7700744804958,218.33577084564573,222.4884846157397,48423000,1
2024-09-09,219.4683532714844,219.8260045313677,215.29576534565257,219.37894424631625,67180000,0
2024-09-10,218.6735382080078,220.0345925843304,215.31559161387116,217.49130185519837,51591000,1
2024-09-11,221.20692443847656,221.6341109819789,216.4680492147489,220.01475867053276,44587100,1
2024-09-12,221.3162078857422,222.09111639532037,218.38546260882887,221.047965660362,37455600,0
2024-09-13,221.04795837402344,222.57790161811045,220.46181236980377,222.12091208096652,36766600,0
2024-09-16,214.90830993652344,215.80243050187988,212.52396316355507,215.12686027714844,59357400,1
2024-09-17,215.37521362304688,215.48449636527133,213.10016491936787,214.34200737227792,45519300,1
2024-09-18,219.249755859375,221.2565773677011,216.12030400107497,216.1302484418979,59894900,1
2024-09-19,227.3763732910156,228.32018565098164,223.16405353373213,223.52170475455893,66781300,0
2024-09-20,226.7107391357422,231.5688258615364,226.13452245924367,228.46919216926284,318679900,0
2024-09-23,224.99205017089844,227.95259834339623,224.33635371548323,225.8563676699032,54146000,1
2024-09-24,225.88616943359372,227.85325878901887,224.25687274556688,227.15781488965328,43556100,0
2024-09-25,224.89268493652344,225.80667911779156,222.5580303354434,223.46208007568333,42308700,1
2024-09-26,226.03518676757807,227.008786948424,223.93895622483703,225.81662129607275,36636700,1
2024-09-27,226.30340576171875,228.0221264682928,225.81661326820583,226.96904659349977,34026000,1
2024-09-30,231.4794464111328,231.4794464111328,228.15130238402676,228.53875664504176,54541900,0
2024-10-01,224.7337646484375,228.15130254219565,222.27988260723768,228.02216122790813,63285000,1
2024-10-02,225.30003356933597,225.8861795938886,221.56457676904253,224.41584231153624,32880600,0
2024-10-03,224.197265625,225.3298253274289,221.8626109260752,223.67072564154157,34044200,1
2024-10-04,225.31988525390625,226.51205091107013,222.66731173997377,226.41269745663612,37245100,0
2024-10-07,220.24322509765625,224.2171205854488,219.8855738973866,223.0348842523572,39505400,1
2024-10-08,224.29661560058597,224.5052366387564,221.79305702807565,222.83620769655573,31855700,1
2024-10-09,228.04202270507807,228.25065892191472,223.3627685020828,223.76015205132023,33591100,0
2024-10-10,227.5452880859375,228.0022928156644,225.6874964769055,226.2935162493635,28183500,0
2024-10-11,226.0650177001953,227.9128799953492,225.8563814846346,227.8035972460956,31759200,1
2024-10-14,229.79052734375,230.21771386522883,227.1081507143634,227.20748901369805,39882100,1
2024-10-15,232.32388305664065,235.9401275315396,230.853530735341,232.08544385770332,64751400,0
2024-10-16,230.26739501953125,230.60517253033711,228.3400530967301,230.0885769817669,34082200,1
2024-10-17,230.63497924804688,232.3238971476739,229.0156269629083,231.9066247344228,32993800,1
2024-10-18,233.46636962890625,234.6386615701971,232.4828249974097,234.6386615701971,46431500,1
2024-10-21,234.93670654296875,235.3043021987925,232.91995571367767,232.91995571367767,36254500,0
2024-10-22,234.3207855224609,234.67843677993508,231.0820656392084,232.3636404689512,38846600,0
2024-10-23,229.2540435791016,233.60546433739609,226.27362172475395,232.55238437433343,52287000,0
2024-10-24,229.0653076171875,229.3136761173618,226.91940013747097,228.4791464357764,31109500,1
2024-10-25,229.89979553222656,231.6979808399029,228.07180722071536,228.24069596218243,38802300,1
2024-10-28,231.87681579589844,233.19813797949908,231.032372026897,231.7973512193415,36087100,1
2024-10-29,232.14505004882807,232.80074647701065,230.8038693466829,231.5787777948225,35417200,0
2024-10-30,228.5983428955078,231.94634497686565,228.05192923673224,231.091956844746,47070900,0
2024-10-31,224.43569946289065,228.330115454563,223.89921505082023,227.8433077709005,64370100,0
2024-11-01,221.4552764892578,223.8793552942412,218.83250593091051,219.5279346472888,65276700,0
2024-11-04,220.5611572265625,221.3360657336285,218.27617915451208,219.5478246614517,44944500,1
2024-11-05,221.99172973632807,222.4884666635337,219.6968075581117,220.3525039402329,28111300,0
2024-11-06,221.2665252685547,224.5946691536601,219.7465112971796,221.15724252476647,54561100,1
2024-11-07,225.99545288085935,226.39285156162416,223.10445516924477,223.16406118155703,42137700,0
2024-11-08,225.7269287109375,227.4176895436531,225.17991383614745,225.9357792784742,38328800,0
2024-11-11,223.01173400878903,224.4737485807484,220.29657059338743,223.777554778836,42005600,0
2024-11-12,223.01173400878903,224.36434561359883,222.1464656532613,223.3300027044557,40398300,1
2024-11-13,223.8968963623047,225.4185825099273,221.5497178640296,222.79292649286413,48566200,1
2024-11-14,226.9800720214844,227.6265344728401,223.77756520755415,223.7974607959322,44923900,0
2024-11-15,223.77757263183597,225.68713943052103,223.0515429787679,225.16996034674557,47923700,1
2024-11-18,226.7811737060547,228.49183017609323,223.94665165924164,224.0262188410909,44633700,1
2024-11-19,227.03973388671875,228.90952454109907,225.42854034251505,225.7467938634959,36211800,1
2024-11-20,227.7558441162109,228.68078414631773,224.6627401240164,226.82094870348703,35169600,0
2024-11-21,227.2784423828125,228.9095315645878,224.48371169719937,227.63648708983084,42108300,1
2024-11-22,228.62109375,229.4664817049649,226.8209300473837,226.8209300473837,38168300,1
2024-11-25,231.6048126220703,231.98275293866183,228.49182822914253,230.2024846846048,90152800,1
2024-11-26,233.78292846679688,234.2901673751303,232.0623317186483,232.0623317186483,45986200,0
2024-11-27,233.65362548828125,234.4095061449918,232.53971526898803,233.19613315216665,33498400,1
2024-11-29,236.04058837890625,236.51797629056327,232.698842645531,233.5342752849028,28481400,1
2024-12-02,238.28831481933597,239.48179223890943,235.8715241828912,235.98092716494563,48137100,1
2024-12-03,241.3316802978516,241.441083276618,237.60205398884364,238.50711361537608,38861000,1
2024-12-04,241.6897125244141,242.78374225546824,239.9392801306149,241.55047375645148,44383900,1
2024-12-05,241.7195587158203,243.21140922639395,240.81451427308068,242.6644095132275,40033900,0
2024-12-06,241.5206451416016,243.3009285590703,240.76477968960373,241.5902721155965,36870600,1
2024-12-09,245.40939331054688,245.89673657618508,240.43655859300796,240.51612576959505,44649200,1
2024-12-10,246.4238739013672,246.861485816723,244.0070681600661,245.5486500706556,36914800,0
2024-12-11,245.1508331298828,249.4374146087669,244.9220717859308,246.61284788068903,45205800,1
2024-12-12,246.6128387451172,247.3885997871069,244.3452120348149,245.5486447760948,32777500,1
2024-12-13,246.7819061279297,247.9355922748061,244.90217516923997,246.47359279661413,33155300,1
2024-12-16,249.6761016845703,250.01426601000415,246.30452004436617,246.64268436980004,51694800,1
2024-12-17,252.1028289794922,252.45093348613432,248.4229342596344,248.721307383058,51356400,0
2024-12-18,246.7023468017578,252.89849494785605,246.39403346062903,250.7900177691265,56774100,1
2024-12-19,248.4328765869141,250.6308762664829,245.7475488049507,246.15532490458145,60882300,1
2024-12-20,253.10736083984372,253.6145845456153,244.35516822034683,246.69239156062656,147495300,1
2024-12-23,253.8831024169922,254.26102752773247,252.07298333460636,253.38581895601413,40858800,1
2024-12-24,256.7972106933594,256.80713572411884,253.90300191480816,254.10192745486225,23234700,1
2024-12-26,257.6127014160156,258.6868506395932,256.2302692406472,256.7872242633273,27237100,0
2024-12-27,254.20135498046875,257.29447387899233,251.68510189149424,256.4291751646687,42355300,0
2024-12-30,250.8297882080078,252.1227283114492,249.38766912858335,250.85962400320443,35557500,0
2024-12-31,249.05946350097656,251.9039256958292,248.07483671879717,251.0684930674946,39480700,0
