Date,trend_direction,support_price,resistance_price,trend_slope
2022-01-03,0,,,
2022-01-04,0,,,
2022-01-05,0,,,
2022-01-06,0,,,
2022-01-07,0,,,
2022-01-10,0,,,
2022-01-11,0,,,
2022-01-12,0,,,
2022-01-13,0,,,
2022-01-14,0,,,
2022-01-17,0,,,
2022-01-18,0,,,
2022-01-19,0,,,
2022-01-20,0,,,
2022-01-21,0,,,
2022-01-24,0,,,
2022-01-25,0,,,
2022-01-27,0,,,
2022-01-28,0,,,
2022-01-31,0,,,
2022-02-01,0,,,
2022-02-02,0,,,
2022-02-03,0,,,
2022-02-04,0,,,
2022-02-07,0,,,
2022-02-08,0,,,
2022-02-09,0,,,
2022-02-10,0,,,
2022-02-11,0,,,
2022-02-14,0,,,
2022-02-15,-1,1052.4427424947037,1071.5305623649283,-0.0020700140294809804
2022-02-16,-1,1062.7716573911962,1102.9037798370225,-0.0022809476029613395
2022-02-17,-1,1090.186219274119,1107.0443589837334,-0.0022622121134412603
2022-02-18,-1,1096.5789142269996,1117.0089242641511,-0.002127407616945204
2022-02-21,-1,1101.1973736454247,1117.6915612787002,-0.0020393025012218186
2022-02-22,-1,1085.021748188729,1109.091873871227,-0.0020173944184884076
2022-02-23,-1,1067.9814753307442,1090.1633625619224,-0.0020938796978283054
2022-02-24,-1,1077.468449525144,1095.009115283983,-0.0020625562280863164
2022-02-25,-1,1020.7739713257804,1064.6826864402094,-0.0021661300088776764
2022-02-28,-1,1035.7212210618118,1050.1450756675365,-0.0021449958992015095
2022-03-02,-1,1020.5919703644312,1077.1726610969984,-0.001981994684715547
2022-03-03,-1,1059.8139450476658,1092.4838597770895,-0.001593265770752551
2022-03-04,-1,1078.4011810031334,1098.7856965324477,-0.0011260614221754778
2022-03-07,-1,1055.787154408625,1075.7848524224223,-0.0008071734397818019
2022-03-08,-1,1011.0367133096933,1052.0333374144284,-0.0007865692253061704
2022-03-09,-1,991.9262942983968,1021.9571458487228,-0.0008906352847526337
2022-03-10,-1,1016.565078233395,1077.01347494328,-0.0008398473059284609
2022-03-11,-1,1073.8283721325647,1094.3038764083778,-0.0007813100674360209
2022-03-14,-1,1081.1313132856126,1097.0340801861346,-0.0007382671464946243
2022-03-15,-1,1080.1985698532058,1103.1312280003071,-0.0006362795290798208
2022-03-16,-1,1065.1148867530296,1104.7464533796308,-0.000498583626217987
2022-03-17,-1,1081.609026403429,1095.6234340578644,-0.00033122816824443497
2022-03-21,0,1098.8994972340938,1136.3469946247096,3.19426482189082e-05
2022-03-22,1,1109.7743416930666,1130.249846191458,0.0003471106533272649
2022-03-23,1,1116.417558596963,1153.4327442921551,0.0006183019766599274
2022-03-24,1,1147.9953600851836,1167.0375661035232,0.0009822243580035154
2022-03-25,1,1142.0802732954487,1175.8194185614975,0.0013246275151927122
2022-03-28,1,1172.5659000566366,1190.3114093068612,0.0018695191761303655
2022-03-29,1,1176.8885634283015,1196.5678044575318,0.002423285572051207
2022-03-30,1,1186.3984604316122,1200.321761515582,0.0029221028403822657
2022-03-31,1,1190.8120505919685,1223.0724028520565,0.003360222471469589
2022-04-01,1,1196.0446595036312,1214.7456618708436,0.0038587721502304703
2022-04-04,1,1193.0415116671982,1212.6752582349072,0.004391955237491447
2022-04-05,1,1201.9826544660282,1217.1572786813151,0.0049699953602691995
2022-04-06,1,1192.4499926471442,1214.8366019261357,0.0054870598197364895
2022-04-07,1,1177.1617516980632,1198.72923220727,0.005794032865356404
2022-04-08,1,1168.0157378896515,1185.7612463786218,0.005884907328933963
2022-04-11,1,1164.8307737717014,1194.4066235414564,0.005998689345108518
2022-04-12,1,1175.296097837182,1200.572052745213,0.005841433311966783
2022-04-13,1,1162.737706900729,1184.2143186613282,0.005550526699188045
2022-04-18,1,1158.2330158892628,1179.664132404293,0.005219002670344734
2022-04-19,1,1147.4493300930017,1164.7397805103374,0.004943267681433583
2022-04-20,1,1160.7584292751112,1213.972089786732,0.004892713547843476
2022-04-21,1,1205.3722941596611,1244.0028730390352,0.004867691238019239
2022-04-22,1,1243.092861615674,1269.0285988217172,0.004739773296774191
2022-04-25,1,1248.6441600419914,1274.9438501458906,0.004408296688210365
2022-04-26,1,1211.9928211860372,1255.1051538112451,0.004070940428912231
2022-04-27,1,1232.0360622414871,1271.7586153913803,0.003992739226370777
2022-04-28,1,1253.5808548135026,1286.7740721528176,0.003980272716658903
2022-04-29,1,1267.7088344271938,1297.2391870846068,0.003980330950920944
2022-05-02,1,1263.7049887259216,1299.5827089210004,0.0038634547966623933
2022-05-04,1,1254.9459860935513,1276.5363340584336,0.0036118225161978794
2022-05-05,1,1217.748671405608,1269.4835388914837,0.0033497037018761686
2022-05-06,1,1197.591676403661,1242.18280014838,0.00293066403428821
2022-05-09,1,1180.0963532492094,1209.8769247815503,0.002429907094622616
2022-05-10,1,1140.715158224648,1181.711782557566,0.001860492139158159
2022-05-11,1,1118.419545268301,1149.633416525882,0.0011515935682988574
2022-05-12,1,1102.0163098457965,1130.6821606199796,0.00048604110569664923
2022-05-13,-1,1078.378486557952,1107.885974171999,-0.00025318016350342097
2022-05-16,-1,1099.0132956252585,1127.5197990708434,-0.0008131001340764188
2022-05-17,-1,1099.6049458265495,1128.8849688761652,-0.0012613568524035023
2022-05-18,-1,1106.5892723531913,1155.6851383517535,-0.0015936458322566866
2022-05-19,-1,1141.2839062872033,1169.3808421611643,-0.0017799852885707203
2022-05-20,-1,1122.0824507846328,1143.2177387581737,-0.002035512888424527
2022-05-23,-1,1138.4400638194588,1203.2337272058603,-0.0020864289506532067
2022-05-24,-1,1179.8461630484092,1207.3971730449673,-0.0020886587519056555
2022-05-25,-1,1181.984697463416,1200.3216273375488,-0.0021708106796746846
2022-05-26,-1,1183.713752995507,1208.8304783808387,-0.002213879129974253
2022-05-27,-1,1159.37061802393,1198.9111951609143,-0.0023106819827988646
2022-05-30,-1,1155.7760235250337,1185.3744993862058,-0.0025355216020417357
2022-05-31,-1,1180.392124401247,1216.7020315446362,-0.0026301413295564246
2022-06-01,-1,1190.1751523030696,1218.8863816776454,-0.0027767550485987215
2022-06-02,-1,1190.4024014083636,1208.1479107227306,-0.0027881198068232193
2022-06-03,-1,1198.5016232049925,1243.2975879303071,-0.002469902712377843
2022-06-06,-1,1247.642951094485,1281.9281427980586,-0.0017254395658998815
2022-06-07,-1,1252.102061607887,1280.403842003274,-0.0009428983446015374
2022-06-08,-1,1252.2159612910536,1269.9840987331656,-0.0003553538976626866
2022-06-09,1,1235.9490850298985,1265.388330609935,0.0002709205446609158
2022-06-10,1,1233.082627965682,1275.3986973973456,0.0010246166876383524
2022-06-13,1,1229.215044054509,1269.4381532361936,0.001831202124377341
2022-06-14,1,1190.4479609930536,1216.156107684235,0.0023971741648034567
2022-06-15,1,1189.151077141205,1215.7238471836963,0.00289634066861414
2022-06-16,1,1175.9329182849908,1200.0030396756413,0.0032091952015340644
2022-06-17,1,1162.1006949883244,1209.8997420887065,0.0033926567361341423
2022-06-20,1,1163.0562400137392,1194.3382305909047,0.003400437916552861
2022-06-21,1,1147.1306905067754,1190.81193373047,0.0031594660342795728
2022-06-22,1,1150.4069416324685,1180.0281654943678,0.0027327439351041874
2022-06-23,1,1137.9851663317936,1164.0573868656688,0.002112593595219554
2022-06-24,1,1112.5043100555831,1148.905326422505,0.0012325115606949542
2022-06-27,1,1122.9696539988313,1142.5351607614082,0.00046949304269062916
2022-06-28,-1,1129.135003587969,1157.9828298757552,-0.00023475831001566186
2022-06-29,-1,1129.3853215361614,1152.9776391694047,-0.0008630856181110425
2022-06-30,-1,1137.985067118919,1181.6663139665932,-0.0012513242173918364
2022-07-01,-1,1167.5608938992502,1190.2659611777156,-0.0016673352846820549
2022-07-04,-1,1076.103462886294,1179.391106293829,-0.002162941856263568
2022-07-05,-1,1076.6038647303487,1111.139270756361,-0.002699444687204371
2022-07-06,-1,1099.8096118894064,1121.5591886498996,-0.003120992791898557
2022-07-07,-1,1086.568674692882,1111.11648393539,-0.003550576268204788
2022-07-08,-1,1080.6535938667355,1107.1580039571163,-0.004072120166008756
2022-07-11,-1,1084.0889121323955,1100.2191487523794,-0.004623045620894871
2022-07-12,-1,1078.3785026593284,1105.1331283386687,-0.004986191108207471
2022-07-13,-1,1093.8487904297283,1110.0927598985188,-0.0052165970507186766
2022-07-14,-1,1079.7436294761944,1107.499363443423,-0.0054892050666721995
2022-07-15,-1,1081.540843303509,1107.4765795757364,-0.005588591861016767
2022-07-18,-1,1084.3393378929586,1098.8541810628644,-0.005398361593117664
2022-07-19,-1,1088.525123257814,1103.4040345430285,-0.005104791683726393
2022-07-20,-1,1092.1653876854057,1113.4145306244031,-0.004733354785511054
2022-07-21,-1,1131.273708960185,1156.8681226053911,-0.004116285516927454
2022-07-22,-1,1122.651100250388,1137.5300117770723,-0.003512121526890558
2022-07-25,-1,1135.254944336538,1144.9467089844488,-0.0028258539314739697
2022-07-26,-1,1093.3940142099802,1122.7195298133436,-0.002561668899732597
2022-07-27,-1,1097.1931707363617,1112.003841391494,-0.002282937369053953
2022-07-28,-1,1092.938861823789,1104.3141424256503,-0.0020874317055294407
2022-07-29,-1,1101.5841851617515,1122.9469424061926,-0.0017867347273520801
2022-08-01,-1,1121.1497270683567,1145.3108414909532,-0.001377861800165825
2022-08-02,-1,1140.9881839019702,1177.4574449449278,-0.0008578019922120698
2022-08-03,-1,1165.5360984864087,1186.5803984650074,-0.0002587595609926754
2022-08-04,1,1168.220637135406,1187.581300270372,0.00025767685851813747
2022-08-05,1,1153.455464512121,1191.107684300821,0.0006033288644899728
2022-08-08,1,1149.7925649671015,1173.384882192994,0.0008825192844867731
2022-08-10,1,1151.6354129424303,1175.546309977684,0.0012285056885745478
2022-08-11,1,1163.4884798945134,1178.4356336498447,0.0015934633111212202
2022-08-12,1,1174.0220116644236,1187.5358669102814,0.002117884554082902
2022-08-16,1,1174.9321182963515,1201.845973401522,0.002797221719488557
2022-08-17,1,1195.4530701404665,1209.1034064115306,0.003225550015190339
2022-08-18,1,1208.3071564277768,1218.0216687174443,0.003474482881387826
2022-08-19,1,1205.24240897424,1218.3894546289891,0.003772457282891348
2022-08-22,1,1189.1508525921777,1215.0571053038057,0.0039013729185264755
2022-08-23,1,1180.500282384016,1201.1795211355932,0.003895127262122507
2022-08-24,1,1182.9424687305054,1211.1768414672938,0.0038757606245901854
2022-08-25,1,1203.0284828486283,1218.846089361482,0.003888760427893402
2022-08-26,1,1197.2080472965745,1215.6048071686444,0.0038937626003549344
2022-08-29,1,1190.0867726380989,1209.716117387308,0.00377073734452154
2022-08-30,1,1176.8711343003506,1211.998588237166,0.0035836770118501827
2022-09-01,1,1176.2091689010513,1207.5477042577893,0.0033277704594801578
2022-09-02,1,1164.3858118822848,1189.1507627907065,0.0029778199670143775
2022-09-05,1,1152.973478456532,1175.638520959865,0.0025707392835832153
2022-09-06,1,1155.3929766209455,1178.446101569222,0.0024038408673300476
2022-09-07,1,1174.1091938151708,1189.6301230359006,0.002226694028730766
2022-09-08,1,1173.196239070829,1184.5629915454858,0.0020738393826584965
2022-09-09,1,1173.6528558204227,1185.978218827882,0.001719690257650994
2022-09-12,1,1170.4573041604865,1191.4561604892992,0.0013259693906768977
2022-09-13,1,1173.447281793324,1192.3691689901582,0.000880231511143514
2022-09-14,1,1187.3478372720913,1200.4492419384865,0.0005451262498808281
2022-09-15,1,1174.451706778856,1191.4561336808906,0.0002438927879828104
2022-09-16,0,1167.147811442509,1188.5118075681453,4.905448068367889e-05
2022-09-19,-1,1137.133067391258,1165.4359048168926,-0.00019971436832992977
2022-09-20,-1,1132.7277612467549,1151.6038847358493,-0.0004788812603671282
2022-09-21,-1,1138.822026415054,1158.4514907194557,-0.000742056841840449
2022-09-22,-1,1138.95917313293,1156.3060391967588,-0.001064775859926471
2022-09-23,-1,1128.5053470017444,1142.6110027498532,-0.001437566236177735
2022-09-26,-1,1112.0714541784876,1139.3927402184245,-0.0018123793709913351
2022-09-27,-1,1084.2479451217905,1103.7175409409906,-0.0022909265361744408
2022-09-28,-1,1077.3776445528867,1107.4607728213189,-0.0027029533201875094
2022-09-29,-1,1062.3133878058827,1085.549081998856,-0.0031039104993662876
2022-09-30,-1,1055.8767254588531,1080.7557852500531,-0.0034267878416991827
2022-10-03,-1,1054.9636064469146,1096.5047707006538,-0.0036626773129953697
2022-10-04,-1,1078.7015883112226,1103.3294933419215,-0.0038156831834965004
2022-10-06,-1,1091.0953054950355,1103.808747936222,-0.0039556276637288815
2022-10-07,-1,1103.8771842481965,1118.4165611455717,-0.003943515661782396
2022-10-10,-1,1102.2795971833257,1115.6321543527151,-0.0038284708118850107
2022-10-11,-1,1090.1139598954956,1103.6262649687026,-0.0037697725342678646
2022-10-12,-1,1073.2691292307711,1101.982746487589,-0.0037611438565602305
2022-10-13,-1,1069.6171531804475,1087.2379927529598,-0.003793219295987859
2022-10-14,-1,1077.3776122421918,1092.852778089425,-0.003755830050509542
2022-10-17,-1,1081.48615457156,1103.0556611703817,-0.003725869006013335
2022-10-18,-1,1069.845490552908,1101.9827665257233,-0.00377578713138232
2022-10-19,-1,1104.7902440911478,1124.3511243615108,-0.003609033325329375
2022-10-20,-1,1114.6277458530562,1153.955017958595,-0.003214879464624428
2022-10-21,-1,1134.3942113183082,1149.9150215278255,-0.0027714587612404887
2022-10-24,-1,1126.177188586748,1148.9106943491454,-0.0023338711175665172
2022-10-25,-1,1120.836206695688,1142.382770547029,-0.001905625891085968
2022-10-27,-1,1112.9387816840604,1140.785075413764,-0.001472261158153924
2022-10-28,-1,1110.5648325053564,1126.8389796677511,-0.0009942751376922896
2022-10-31,-1,1122.730566891981,1157.218905475806,-0.00042730927662193815
2022-11-01,1,1155.9406944170405,1169.065039404331,0.000258421588994148
2022-11-02,1,1144.8936213637878,1186.8912136799254,0.0008040301017590125
2022-11-03,1,1148.0890168960857,1164.157654947125,0.001229012635496768
2022-11-04,1,1152.6767205686606,1168.4258612328554,0.0017143857247979176
2022-11-07,1,1164.568612402097,1186.8912175642852,0.0022761845664554217
2022-11-09,1,1175.0223567357784,1191.5931814379082,0.0027929273412306437
2022-11-10,1,1182.348970740701,1196.9112902936065,0.00326234044443
2022-11-11,1,1170.0007782161265,1185.3161961635597,0.003435836037344598
2022-11-14,1,1181.4133535308406,1203.3251787933696,0.0036485474429683315
2022-11-15,1,1189.2420312652064,1206.0640083384951,0.0037340457626786143
2022-11-16,1,1182.3263018305277,1198.9427700567662,0.003695117215553763
2022-11-17,1,1178.3775455967132,1194.1723297469184,0.0036289529581004683
2022-11-18,1,1177.7612057960014,1192.825591205946,0.00360995267194738
2022-11-21,1,1173.6985088451029,1190.9997319984882,0.0035781917216709306
2022-11-22,1,1160.9164671915146,1181.4131345958851,0.0035356048881355637
2022-11-23,1,1157.903705618024,1172.511547625572,0.003422714205602295
2022-11-24,1,1165.0934735308952,1176.80266503484,0.0032456959700800695
2022-11-25,1,1163.2446877659072,1184.1522586948402,0.0029989781349444087
2022-11-28,1,1178.7198513447252,1198.2579106358316,0.002746512249879049
2022-11-29,1,1142.1545139312134,1242.1501079495758,0.0025169603222176384
2022-11-30,1,1229.8017525224489,1246.988868090575,0.00254298435302011
2022-12-01,1,1231.7190805205594,1253.28858432772,0.0024966968550549007
2022-12-02,1,1239.844750738756,1257.648037723801,0.0025973852316406787
2022-12-05,1,1232.8147284105949,1254.4526976676975,0.0027357213997561995
2022-12-06,1,1222.4980932976318,1240.1872774344642,0.0028125721048199302
2022-12-07,1,1214.737403586102,1231.1713003979205,0.0027819035121381024
2022-12-08,1,1206.1324752746186,1230.2583124986502,0.002658387279633038
2022-12-09,1,1205.1967796428094,1216.5635327967686,0.002434463754933886
2022-12-12,1,1187.7357368415526,1214.2811038799705,0.002079443327463617
2022-12-13,1,1180.0437880026634,1197.3906539089487,0.001752954591114244
2022-12-14,1,1189.9497141999725,1201.9555809304147,0.0015807469576887866
2022-12-15,1,1191.9127734525748,1204.6718603186412,0.0014282442208407634
2022-12-16,1,1173.6527401257097,1193.738505954403,0.0011286375403635341
2022-12-19,1,1167.7867851451592,1195.4733287956508,0.0008338681168377587
2022-12-20,1,1171.689838827475,1188.7172073020977,0.0006119757560400309
2022-12-21,1,1171.3703661582176,1198.76011514875,0.00045904610400376356
2022-12-22,1,1175.9809916475376,1201.9555872542346,0.00036339097872545604
2022-12-23,1,1171.7127563166528,1189.0139802290078,0.0001515809376494348
2022-12-26,0,1137.7038341837574,1182.5546798699038,-8.583331234759254e-05
2022-12-27,-1,1137.7721216907048,1160.414342154975,-0.00034114531093045695
2022-12-28,-1,1148.2030104259682,1163.518427683626,-0.0005826495230122974
2022-12-29,-1,1151.0562304776126,1163.9750640999512,-0.0008277744571666175
2022-12-30,-1,1152.8822699122077,1163.5642678265235,-0.0010642356091467174
2023-01-02,-1,1160.0035413220228,1176.3916749175478,-0.001253111700721661
2023-01-03,-1,1163.244668797144,1177.3048023328713,-0.0014901250170482627
2023-01-04,-1,1163.0621480210025,1174.565828259546,-0.001769403867231259
2023-01-05,-1,1147.6325061253483,1169.1107276232435,-0.002074805748963072
2023-01-06,-1,1143.0674942432397,1157.858025867488,-0.0024031223902870923
2023-01-09,-1,1149.5955006159752,1163.1306272948216,-0.002604899894552139
2023-01-10,-1,1161.0307261466326,1187.804304506264,-0.002670889582608783
2023-01-11,-1,1162.2403842296717,1189.6301316742909,-0.0024575451507478606
2023-01-12,-1,1150.873534164056,1167.7183330231771,-0.002287847344950299
2023-01-13,-1,1125.2641003718309,1156.077627831873,-0.0021536490897209205
2023-01-16,-1,1111.3866638722209,1128.870455871767,-0.0021215839440615497
2023-01-17,-1,1107.917221092014,1131.951774613395,-0.0021156038930249476
2023-01-18,-1,1118.690771838856,1133.4811846812154,-0.0020813742155874108
2023-01-19,-1,1123.1414974309205,1137.178689301756,-0.0020145743697285385
2023-01-20,-1,1121.4522950704254,1132.636477944145,-0.0019746913412972307
2023-01-23,-1,1112.5963531280504,1129.8289903822715,-0.0019935400138156117
2023-01-24,-1,1107.004299933337,1125.811961602633,-0.0020822003042469794
2023-01-25,-1,1089.8171651533376,1115.51790607312,-0.002178688940232289
2023-01-27,-1,1086.461976225218,1102.302402806859,-0.002272427894349079
2023-01-30,-1,1055.260418546103,1089.817223588686,-0.002539280929943869
2023-01-31,-1,1050.3987961919847,1082.764407064242,-0.00281074767950644
2023-02-01,-1,1068.6585300710096,1089.9541811505658,-0.002973626057000432
2023-02-02,-1,1052.2246622437708,1086.43914786492,-0.003126505723973918
2023-02-03,-1,1054.9637127057106,1071.8540341073915,-0.0032448482622286045
2023-02-06,-1,1046.7466458186898,1072.3104574781505,-0.0033899275406234514
2023-02-07,-1,1052.5899131464937,1059.528634971871,-0.003628816458753054
2023-02-08,-1,1046.7467924098464,1062.4502927137798,-0.0039048613702943563
2023-02-09,-1,1053.137736379797,1077.2863960062462,-0.004041263599010214
2023-02-10,-1,1065.4632246870067,1082.2850839057578,-0.004080008725795288
2023-02-13,-1,1059.6655455942528,1075.0039060071294,-0.004119988022933604
2023-02-14,-1,1056.127767130611,1072.7670546240695,-0.00407918854337359
2023-02-15,-1,1060.738487756277,1087.329376978281,-0.003926424168204278
2023-02-16,-1,1083.2664969637603,1112.5735854842064,-0.003599320144746259
2023-02-17,-1,1107.0270912647763,1124.7163944448257,-0.0031977648244757356
2023-02-20,-1,1100.4306882070916,1117.2754874405753,-0.0028695287291293906
2023-02-21,-1,1100.2025445254703,1118.3026298698114,-0.0024842653703200527
2023-02-22,-1,1101.22954869757,1116.9558691842672,-0.001965711182250747
2023-02-23,-1,1084.2022454513722,1109.2866925279875,-0.0014830475952820304
2023-02-24,-1,1077.948249542989,1093.1952035465454,-0.0011379296221665043
2023-02-27,-1,1080.9840672539892,1093.8344379808216,-0.0008680566677849937
2023-02-28,-1,1073.543202799622,1090.8672478016565,-0.0007376546390903215
2023-03-01,-1,1056.1734344203933,1080.5274845520237,-0.0006757006875538948
2023-03-02,-1,1060.5557097259696,1070.712820002187,-0.0005692096862145178
2023-03-03,-1,1059.802538079039,1073.5203549354069,-0.00040504300794164127
2023-03-06,-1,1068.909698230002,1092.6018137297042,-0.0001490508742162133
2023-03-08,1,1095.5918675399987,1106.8216933590495,0.00021244826518052254
2023-03-09,1,1088.7443751303776,1104.265304210858,0.0005234134925028094
2023-03-10,1,1075.0953474005576,1103.3067824873158,0.0007104036128840485
2023-03-13,1,1056.8124450060086,1070.0280749321848,0.0006946909826555945
2023-03-14,1,1038.5298305140532,1070.0281154160118,0.0004955102244826422
2023-03-15,1,1035.8136967949142,1052.2018311560978,0.00020325741506113307
2023-03-16,0,1016.8004787547292,1049.1660857467195,-6.436520080031692e-05
2023-03-17,-1,1005.2968594074098,1028.943333036388,-0.00047408166114273773
2023-03-20,-1,1010.0900587449328,1028.007512952856,-0.0008898093179414047
2023-03-21,-1,995.1626537042278,1013.422547157944,-0.0014032191338523357
2023-03-22,-1,1012.0528577510236,1038.0732119172071,-0.001790700835222149
2023-03-23,-1,1036.2473765076484,1046.0392280531037,-0.002075784957199145
2023-03-24,-1,1023.9447859117854,1036.2016854580306,-0.0023551184769794115
2023-03-27,-1,1003.3795441878092,1027.117362031003,-0.002656866181904438
2023-03-28,-1,1004.383950761555,1028.943393312628,-0.0029685247761619686
2023-03-29,-1,1021.1829653124684,1030.0846702786253,-0.0032217845149162165
2023-03-31,-1,1009.359714078918,1024.7436572444662,-0.0034508018654134105
2023-04-03,-1,1029.2629756900762,1069.7770709600843,-0.00330068714122169
2023-04-05,-1,1056.7896998650788,1072.3106311531849,-0.0029187529264301554
2023-04-06,-1,1053.8453439607506,1071.8540232011114,-0.002570178819875353
2023-04-10,-1,1058.2275373074351,1074.592970502133,-0.0021760940533448424
2023-04-11,-1,1059.779694186431,1072.9496819536614,-0.001764018375757361
2023-04-12,-1,1060.9210357303307,1068.6586196822263,-0.0014231490462114941
2023-04-13,-1,1063.660079131172,1080.8927189104256,-0.0010953884746596697
2023-04-17,-1,1069.115028980157,1079.9795947799273,-0.0007354096746816236
2023-04-18,-1,1072.333391852291,1106.9814803229494,-0.00031050391646938086
2023-04-19,0,1061.8111761257844,1085.0925121063174,-8.053794225092607e-05
2023-04-20,1,1064.6415432193398,1076.373436165099,0.00011102515242944437
2023-04-21,1,1064.5956738732273,1076.875393044396,0.0003086506995487741
2023-04-24,1,1066.558646510675,1077.7884724738817,0.0006066189305149777
2023-04-25,1,1071.8539885727766,1086.8727319946267,0.0010886334060203312
2023-04-26,1,1072.995384428631,1086.7359021827194,0.001552301752702508
2023-04-27,1,1074.6159592843226,1089.2467445727557,0.001987016307176387
2023-04-28,1,1079.158065119624,1088.2879820525134,0.002263705116820265
2023-05-02,1,1087.2608896802224,1106.5022750107378,0.0025501292918126747
2023-05-03,1,1108.4194062766874,1116.4994278601828,0.0028437376843478677
2023-05-04,1,1101.549188303151,1116.1342091904096,0.003011131578093046
2023-05-05,1,1102.2567073883076,1119.717677582049,0.0030536170482968325
2023-05-08,1,1112.0258380416835,1123.5979821409155,0.0031100896034264637
2023-05-09,1,1115.7461404298203,1133.7777597410543,0.003069236555575517
2023-05-10,1,1124.4652198090143,1135.2158009724574,0.0031444745344559053
2023-05-11,1,1132.659447469911,1141.173192717246,0.0033237652919242975
2023-05-12,1,1130.536707274967,1145.578272899187,0.0033966834234219058
2023-05-15,1,1121.383847325768,1135.4896227195354,0.0032703602209789634
2023-05-16,1,1128.984483334697,1143.3184701435996,0.003152815080118071
2023-05-17,1,1118.485181669263,1141.0589403639667,0.003008736565493302
2023-05-18,1,1108.830341392445,1125.2641183192468,0.0026925292395284504
2023-05-19,1,1107.9858169299096,1121.6123498838558,0.002531289263346826
2023-05-22,1,1104.196751489107,1116.5678769225617,0.0024154048484950207
2023-05-23,1,1110.3596592183865,1125.7207212869755,0.002315048120163307
2023-05-24,1,1119.0784985578175,1126.6335119735163,0.002243147094117523
2023-05-25,1,1110.861658447196,1124.8076864197674,0.002119377441691942
2023-05-26,1,1102.9187697829475,1117.9603357408223,0.0019222728977806081
2023-05-29,1,1118.7591533794464,1145.3500415058625,0.0018803997563094895
2023-05-30,1,1144.5283465169668,1154.9364899661489,0.0019311630532619585
2023-05-31,1,1147.7921790871794,1158.451475420254,0.0020656011549925585
2023-06-01,1,1123.4382047768397,1145.7381091276332,0.0019656284130744077
2023-06-02,1,1122.068625138698,1134.3484659204855,0.0017862246410692143
2023-06-05,1,1118.8731857024295,1133.412563645759,0.0015738617961381129
2023-06-06,1,1122.2739934203582,1133.8234358683376,0.0013599365884288724
2023-06-07,1,1123.8947880782737,1135.626680467698,0.0011789826496788574
2023-06-08,1,1128.733545665894,1141.241598708449,0.0010117198566156535
2023-06-09,1,1137.133121023714,1148.9335976883085,0.0008821057190842997
2023-06-12,1,1131.1985964976163,1145.1446246797914,0.0007119215262314067
2023-06-13,1,1125.2641468372988,1136.311403822295,0.0005593497436922037
2023-06-14,1,1134.9647365494957,1151.946463788879,0.000562541118184548
2023-06-15,1,1149.0019986007082,1166.3488637759135,0.0006125868041376978
2023-06-16,1,1157.4470010964749,1169.7953042210922,0.0006902890287417495
2023-06-19,1,1168.72265257123,1178.856942021871,0.0008469432628608826
2023-06-20,1,1160.7111839901809,1179.5873088461865,0.0010030100937759808
2023-06-21,1,1157.2189687814275,1170.457299404325,0.0011361502574048499
2023-06-22,1,1163.1534517577868,1173.1278723617306,0.001323482566883359
2023-06-23,1,1155.8494202932393,1174.702723824018,0.001489039292652113
2023-06-26,1,1146.7194478373872,1156.4884770186727,0.0015070692253211825
2023-06-27,1,1136.0832218598148,1148.271658359126,0.0015100600764763814
2023-06-28,1,1135.1474200849475,1145.578264166708,0.0014610676219051367
2023-06-30,1,1140.2600374666351,1158.519990797568,0.0013813112259328756
2023-07-03,1,1156.511421596289,1167.1021346662303,0.0013452851645616084
2023-07-04,1,1166.5086096788432,1196.9341777415286,0.0013766363706649832
2023-07-05,1,1174.6799673322105,1198.3037415268395,0.001453298624138087
2023-07-06,1,1175.8440646341217,1190.9997357239995,0.0015150698766647846
2023-07-07,1,1175.958111582341,1207.1824197013011,0.0015683754616194088
2023-07-10,1,1199.6730384312104,1216.5406584496827,0.0016399403322635703
2023-07-11,1,1221.1284462814797,1258.1046546175523,0.0019794293482614093
2023-07-12,1,1249.705166712445,1264.4955779542368,0.0024787080162840306
2023-07-13,1,1260.683840337917,1279.103541836806,0.0030245382930699327
2023-07-14,1,1249.545369524751,1277.733978890264,0.0033759610721643117
2023-07-17,1,1243.9988277461352,1260.3414396091937,0.0035747967429821505
2023-07-18,1,1245.3228457945552,1285.060901535764,0.0037842542017905594
2023-07-19,1,1274.9948839462777,1295.2861607810748,0.00405730459286748
2023-07-20,1,1276.8211937050912,1303.754521961654,0.004306887959885791
2023-07-21,1,1276.0147195399904,1301.2135132047797,0.004516076334835249
2023-07-24,1,1248.120695339947,1293.2757006107088,0.004620273279472309
2023-07-25,1,1221.2648606691866,1243.8423605772516,0.00444425115336135
2023-07-26,1,1226.556952345633,1239.0203294862108,0.0041912877808216896
2023-07-27,1,1229.029726310642,1259.6936470475673,0.004037901338531604
2023-07-28,1,1231.6758304667376,1255.06933898356,0.003925507961284793
2023-07-31,1,1236.7204929547063,1257.6412248805652,0.0038367925686544494
2023-08-01,1,1245.3261593927457,1263.1062644351005,0.0038136980240556177
2023-08-02,1,1239.0697997346808,1265.628689467438,0.0037301718580421486
2023-08-03,1,1218.4458286875906,1242.383422770223,0.003465680221824548
2023-08-04,1,1215.7010043381908,1236.8936606795558,0.003180975464797669
2023-08-07,1,1222.4024889169664,1244.3617658987637,0.0028960415450884677
2023-08-08,1,1238.92139273861,1250.4945023600335,0.0025680015961434617
2023-08-09,1,1236.225840784307,1253.486611833248,0.002154745004454699
2023-08-10,1,1227.1011062817863,1250.7914133404695,0.0016654393552748674
2023-08-11,1,1240.6276075945868,1261.177404750792,0.001256134246777753
2023-08-14,1,1242.5565564009414,1265.55449762201,0.0008988069319106428
2023-08-16,1,1248.81289137336,1277.1523130180672,0.0006679971163396692
2023-08-17,1,1261.672044700447,1277.3996937112483,0.00046972841503133475
2023-08-18,1,1252.695518025622,1275.0752365265755,0.00019610216513274857
2023-08-21,0,1240.6771930744892,1274.827925208279,-9.18720178660022e-05
2023-08-22,-1,1248.5836072167706,1268.3374245054663,-0.0003072351334666382
2023-08-23,-1,1240.319812990251,1259.6517042081298,-0.000409634297702977
2023-08-24,-1,1249.228880766707,1262.0838090060652,-0.00038946887733098544
2023-08-25,-1,1226.4227081001463,1260.6195534341234,-0.000361117681843945
2023-08-28,-1,1212.32713678729,1243.2978613921046,-0.0004397407883170653
2023-08-29,-1,1206.6193456890517,1232.8749678308825,-0.0006114711362849239
2023-08-30,-1,1195.228533637356,1217.7121468384466,-0.0007688078704131086
2023-08-31,-1,1198.628391987628,1212.5255327642965,-0.0007993526290134771
2023-09-01,-1,1191.133748727762,1203.5915905675504,-0.0008157032698056532
2023-09-04,-1,1192.0023233270636,1203.9141576589248,-0.0008047263403749773
2023-09-05,-1,1193.8140262826475,1202.921543874001,-0.0008586958054368605
2023-09-06,-1,1197.3627378820318,1208.033756715794,-0.0010774884559947072
2023-09-07,-1,1199.745186611218,1209.125708635972,-0.001275368601580613
2023-09-08,-1,1196.6430625915527,1210.1679582595823,-0.001403726312942145
2023-09-11,-1,1202.5742018862825,1218.9778160313297,-0.0014840058439445853
2023-09-12,-1,1216.9924464989117,1229.326207160582,-0.001465375391379754
2023-09-13,-1,1209.0265228175713,1232.3787090583842,-0.0014118991395022974
2023-09-14,-1,1204.2120756300535,1222.278310335504,-0.0013960035341245424
2023-09-15,-1,1213.5181615722684,1223.8417758931353,-0.0014598944111470847
2023-09-18,-1,1215.7517434819515,1224.9337835939812,-0.0015337910703602646
2023-09-20,-1,1207.0908701058952,1216.4962329024152,-0.0016113503118189735
2023-09-21,-1,1168.8487603007638,1204.8821081322808,-0.0017515379106105018
2023-09-22,-1,1171.3304992731428,1186.269974873086,-0.0019127854535920827
2023-09-25,-1,1166.3673046768697,1182.47307577697,-0.0021070197277594407
2023-09-26,-1,1158.9720452955405,1171.6779308453931,-0.0022598847644564996
2023-09-27,-1,1159.220049449067,1166.4663425671888,-0.002377289580817461
2023-09-28,-1,1160.6594050312617,1177.1871000752485,-0.002378268241750991
2023-09-29,-1,1153.9589668880435,1182.7459002555731,-0.002311169778116935
2023-10-03,-1,1158.475709840611,1175.847137006539,-0.0022441891707630636
2023-10-04,-1,1149.492028660551,1159.220075299941,-0.002245158719808326
2023-10-05,-1,1139.1189302205564,1150.981084388904,-0.002254959949022003
2023-10-06,-1,1146.017758932428,1156.14276991832,-0.002237847451977008
2023-10-09,-1,1147.5316229908371,1153.8597853939605,-0.0021530784005924578
2023-10-10,-1,1139.0691900320726,1147.4818990309532,-0.0021387584908557954
2023-10-11,-1,1143.4121010954177,1150.435072150941,-0.0021573235698528633
2023-10-12,-1,1148.0031129607796,1166.2182699823193,-0.0021362053379175095
2023-10-13,-1,1160.485663265934,1171.0078811502246,-0.0021203654713944824
2023-10-16,-1,1156.0188455521982,1170.0897506197043,-0.0021095680431174463
2023-10-17,-1,1159.418610263332,1168.6254903286665,-0.002124904116368616
2023-10-18,-1,1162.0491704758838,1171.18152891328,-0.0021097621513796083
2023-10-19,-1,1151.9737890772074,1174.8048077319042,-0.0020987519162095616
2023-10-20,-1,1142.0472385636656,1152.37085365543,-0.002138898559162254
2023-10-23,-1,1139.7145096810816,1148.846868358942,-0.0021642482096367404
2023-10-25,-1,1119.340361294045,1144.6530132953733,-0.0022418858123109116
2023-10-26,-1,1113.2602415640138,1132.219887961399,-0.0023009851705237316
2023-10-27,-1,1101.9937228681183,1120.7052071856403,-0.0023180503316392325
2023-10-30,-1,1109.761144511754,1128.3982276638756,-0.0022626215000342595
2023-10-31,-1,1126.636168734061,1153.958963260135,-0.0020921541808082726
2023-11-01,-1,1133.0636557231696,1155.448028104718,-0.001838080242851085
2023-11-02,-1,1129.2419526519689,1150.236586425296,-0.0015696387594898793
2023-11-03,-1,1145.4966608528323,1153.6116471680004,-0.0012637819571845277
2023-11-06,-1,1149.3680258840427,1158.897469898072,-0.001055840531275238
2023-11-07,-1,1154.256866662586,1161.4039192346488,-0.000862638588242491
2023-11-08,-1,1151.2540159543112,1160.9572220726066,-0.000697190779090024
2023-11-09,-1,1152.3459257444151,1161.900209827792,-0.0005734557557072375
2023-11-10,-1,1143.6353879313751,1159.3689122452763,-0.0004933027860344861
2023-11-13,-1,1140.5830169850344,1149.6658152095554,-0.0004080263101609229
2023-11-15,-1,1147.3578218124285,1153.7605056745233,-0.00028599517542951145
2023-11-16,0,1154.9516911953865,1172.2982770196893,-9.034162463556051e-05
2023-11-17,0,1164.8533675821152,1178.353423134986,7.442445465874815e-05
2023-11-20,1,1167.384683548377,1177.9067803474445,0.0001819898071460676
2023-11-21,1,1159.617152805321,1170.5363354915237,0.0002724335704653097
2023-11-22,1,1171.4296571663483,1185.227556641674,0.00042963388545342316
2023-11-23,1,1177.385680422616,1188.4289448727577,0.000556760386217868
2023-11-24,1,1185.3268657327444,1191.1835423841578,0.0007201649849106062
2023-11-28,1,1186.7414260587238,1192.474021001291,0.0009360077653721305
2023-11-29,1,1178.899449291774,1191.034607263244,0.0011652365678060594
2023-11-30,1,1190.2156671664848,1197.1145563492605,0.0014187899159441573
2023-12-01,1,1176.2440439527552,1191.530923348677,0.0016118357547012243
2023-12-04,1,1180.0658643673892,1189.3967050711567,0.0018172149138413823
2023-12-05,1,1190.4886500919326,1215.9997806950958,0.0020984989247914924
2023-12-06,1,1201.9288955146308,1211.4584602643838,0.0022849724116013248
2023-12-07,1,1208.5549856031337,1227.3905513904704,0.002492726866923351
2023-12-08,1,1212.0292855470004,1221.4346482742724,0.002589623615174319
2023-12-11,1,1213.5182500771466,1229.251775342433,0.0026239518375350884
2023-12-12,1,1217.1909371644088,1224.7351961410227,0.002549722478473108
2023-12-13,1,1201.1844932637518,1223.41994400905,0.002433793567595514
2023-12-14,1,1194.3103140708777,1210.2176004047435,0.0023542191457393167
2023-12-15,1,1212.3518080035872,1228.3831772791464,0.0023733473626776323
2023-12-18,1,1225.951280138882,1240.8162343922088,0.0024073009527073273
2023-12-19,1,1236.3243792186838,1258.1379030406688,0.0025391115152854165
2023-12-20,1,1253.3234974409622,1277.4945707453207,0.0027582021636635636
2023-12-21,1,1250.742696068458,1289.8780864366483,0.002983044718740842
2023-12-22,1,1249.8741628164655,1277.2962009364337,0.0031180801238417984
2023-12-26,1,1264.4660199985942,1280.968874306117,0.0032663022581969885
2023-12-27,1,1271.935783794956,1286.453332624264,0.003371707597649174
2023-12-28,1,1277.0976304877347,1290.399082341518,0.0034162571028552692
2023-12-29,1,1283.9220890250845,1296.4046504171113,0.003474688547976032
2024-01-01,1,1280.174929799553,1297.397434632089,0.0035495387047910715
2024-01-02,1,1277.122509429243,1293.8488097378856,0.003607110913074389
2024-01-03,1,1277.0480485996618,1297.8937610136477,0.0036394519124126105
2024-01-04,1,1279.132516403198,1307.3238832997818,0.00361658102980476
2024-01-05,1,1280.0755785995668,1295.337616733607,0.0035939004420917574
2024-01-08,1,1289.456165302221,1300.3009471094986,0.003594717649507881
2024-01-09,1,1275.0379299096924,1306.3064992127524,0.0035652376344468715
2024-01-10,1,1279.132484246134,1293.8237954235035,0.003484497099635745
2024-01-11,1,1278.0654937339266,1319.7320764251056,0.003407588968076979
2024-01-12,1,1318.7394856296971,1352.489686993197,0.0035261696301695194
2024-01-15,1,1335.8626919019084,1363.2350482099334,0.0036083761976675325
2024-01-16,1,1355.9638397810568,1386.190071634762,0.0037448054270848618
2024-01-17,1,1360.4308194226976,1386.0413130880693,0.0039270840571427185
2024-01-18,1,1345.0696069219948,1376.0900120502974,0.004005247257264449
2024-01-19,1,1341.3222805612156,1360.92717605878,0.004043277996251838
2024-01-23,1,1349.015329468004,1365.890429247957,0.0040594513818110155
2024-01-24,1,1312.8332056966303,1361.671682300463,0.003953760252274908
2024-01-25,1,1314.1980872328545,1339.5851376107455,0.0037542466776573596
2024-01-29,1,1325.390118278632,1354.1274927557365,0.0035346938692293202
2024-01-30,1,1350.1817560391485,1441.8283899094502,0.0034972752490247346
2024-01-31,1,1394.1066401470152,1449.2484377227322,0.0036152672870846682
2024-02-01,1,1392.1956815880876,1423.7124109217216,0.0036658586970493797
2024-02-02,1,1407.631543948549,1432.745590517861,0.0037894613417693147
2024-02-05,1,1422.6455164089482,1464.0639387350582,0.004062699917046896
2024-02-06,1,1421.007495677393,1459.6961190035065,0.004284460384704559
2024-02-07,1,1409.3934322746634,1431.256637826339,0.004316010566229464
2024-02-08,1,1418.7491963623445,1438.8504181404362,0.004383886276571485
2024-02-09,1,1417.0368932886952,1448.752105824393,0.004453487357402729
2024-02-12,1,1440.2896534634558,1461.160204582695,0.004578756103468139
2024-02-13,1,1431.7529141646626,1450.2659153474915,0.00463590451929036
2024-02-14,1,1443.3172707540573,1468.1335924657844,0.004704425128564168
2024-02-15,1,1446.7916226083244,1472.749520552248,0.004719355028385296
2024-02-16,1,1455.7503978374216,1473.8166331337911,0.004709995020758281
2024-02-19,1,1447.8339689108675,1466.1483668657747,0.004636496673517828
2024-02-20,1,1442.8458657695369,1468.630001238923,0.004477630549259471
2024-02-21,1,1451.0600862084646,1464.659382736365,0.004311717423404581
2024-02-22,1,1446.8414171157522,1477.5888193115914,0.0040930684852416325
2024-02-23,1,1447.2880175600008,1474.0399663973683,0.003793686420974999
2024-02-26,1,1472.4517119404402,1486.5474563697878,0.0035873277250221863
2024-02-27,1,1471.607959051116,1483.5446346905887,0.0035006250213772357
2024-02-28,1,1467.1907251784094,1488.9297276070065,0.003441924093855853
2024-02-29,1,1439.5205099276588,1480.3185210789975,0.003369143480993332
2024-03-01,1,1443.8385832706604,1468.1088998815817,0.0032611906486601293
2024-03-04,1,1451.7548888255135,1488.979373154373,0.0031298714517005296
2024-03-05,1,1476.2982516112518,1501.337897909408,0.003000726726347646
2024-03-06,1,1475.1320355384912,1496.3251528023525,0.0028466307071171176
2024-03-07,1,1467.6372798835923,1497.9131926576536,0.002540952190233522
2024-03-11,1,1464.7091224345347,1492.056638756749,0.0021230123688898753
2024-03-12,1,1452.747629113329,1478.060279979328,0.001665537438570146
2024-03-13,1,1454.261346490045,1477.0675227494196,0.0014427337280577743
2024-03-14,1,1417.2850129833478,1472.2034859914554,0.0012309637128170598
2024-03-15,1,1415.0266869213976,1437.8825438227764,0.0008650605849280614
2024-03-18,1,1402.5193474045138,1422.694969713975,0.0004907269147026852
2024-03-19,1,1406.1178317705178,1431.1326391984185,0.0002562722001009345
2024-03-20,0,1406.8373411480031,1427.0378036957163,7.362998180191744e-06
2024-03-21,-1,1413.562644941621,1434.3835163859578,-0.00029864847095850336
2024-03-22,-1,1434.060934378195,1447.1887452733042,-0.0004906522569567223
2024-03-26,-1,1436.716179238339,1449.2732629085035,-0.0006559523976667309
2024-03-27,-1,1428.4276096750873,1441.7291835759677,-0.0007750140044821899
2024-03-28,-1,1436.368725370371,1488.979328303771,-0.00081207912164349
2024-04-01,-1,1467.786296896486,1494.8856495085238,-0.0007018285815078733
2024-04-02,-1,1471.60790139039,1482.99856900626,-0.0005982803956151872
2024-04-03,-1,1464.1629930776332,1483.0233977342266,-0.0004930767076372228
2024-04-04,-1,1458.1079713887636,1473.5436523631188,-0.00046242198867609533
2024-04-05,-1,1439.3466709144527,1468.8780939901114,-0.0004928758799097184
2024-04-08,-1,1445.3025839763254,1459.9938949751336,-0.0005192740729381569
2024-04-09,-1,1450.265891033407,1480.0206375610207,-0.00046743489479213765
2024-04-10,-1,1451.7549092714803,1478.8543827139297,-0.00042317239844516443
2024-04-12,-1,1455.5766564963697,1476.0749645358123,-0.00028834342971131806
2024-04-15,-1,1452.325715995779,1475.5538200544618,-0.0001668088347557663
2024-04-16,0,1435.6986653849476,1471.2356878788278,-8.546084441698185e-05
2024-04-18,0,1440.2649265731254,1460.3661473678603,-9.714460402103561e-05
2024-04-19,0,1448.628103973215,1475.082330158598,-7.314595065986781e-05
2024-04-22,0,1432.42310285773,1463.1705049395248,-4.505876997834518e-05
2024-04-23,1,1457.0160218672338,1471.930535229808,0.00015278847922662163
2024-04-24,1,1444.8561033979945,1482.527235777458,0.000340138056530029
2024-04-25,1,1438.8504186169605,1457.7605053579202,0.00045150186094773854
2024-04-26,1,1430.9091747445573,1457.189636393573,0.0005336179413459751
2024-04-29,1,1439.3467383348082,1454.236532179651,0.0005762842235434335
2024-04-30,1,1439.3467183436048,1457.1152296530197,0.0006324581084169217
2024-05-02,1,1452.1272302795285,1472.178772035999,0.000655442949704314
2024-05-03,1,1453.3679147531318,1466.4708844514234,0.000575435812010196
2024-05-06,1,1405.745524232649,1464.1134460205978,0.0003075126067423324
2024-05-07,0,1407.5818831415145,1429.4202480421582,-1.2002232288602144e-05
2024-05-08,-1,1381.772860502106,1410.311631866643,-0.0004403317325990577
2024-05-09,-1,1387.2324157830617,1422.42191231512,-0.0007896496371731395
2024-05-10,-1,1379.7875090012217,1413.2895438420787,-0.0010915260400044798
2024-05-13,-1,1377.8766636438304,1399.6406275450738,-0.0014042238976321073
2024-05-14,-1,1373.8317248456565,1396.6379028351903,-0.0017547060346560393
2024-05-15,-1,1389.7389824487905,1416.590172271951,-0.0018765883394875546
2024-05-16,-1,1402.6435067088078,1419.468926315315,-0.0018555006692190493
2024-05-17,-1,1387.75361519461,1417.012035618308,-0.0018719285337384021
2024-05-21,-1,1402.8668442157614,1426.6408349602225,-0.001825995740833932
2024-05-22,-1,1415.1260338425998,1431.231803864575,-0.0017602301508785438
2024-05-23,-1,1425.722543020764,1457.9837617014118,-0.0016519513868353914
2024-05-24,-1,1444.3100355832012,1481.2615172416956,-0.0014515367998119025
2024-05-27,-1,1465.2549777906745,1477.5638984586112,-0.001154226751488913
2024-05-28,-1,1450.8119965034373,1473.990419113941,-0.0008994353715216602
2024-05-29,-1,1442.0766163922278,1467.637430621861,-0.0006755815225531602
2024-05-30,-1,1427.8815843874524,1447.287997987601,-0.0005357399381128431
2024-05-31,-1,1409.6663684202383,1429.817270893488,-0.0005192659638856277
2024-06-03,-1,1411.800601617005,1431.653659822201,-0.0004985224032833611
2024-06-04,-1,1448.2806515244756,1503.3728901534053,-0.0001668269956427605
2024-06-05,-1,1349.3131842665357,1487.0437791255476,-0.0001698288222441729
2024-06-06,-1,1373.9308915121778,1420.6352601794422,-0.00017752005824533783
2024-06-07,0,1410.9072166555904,1433.0929853880773,-5.4938949469332775e-05
2024-06-10,0,1416.0193060772324,1461.1850112482905,8.165118268938944e-05
2024-06-11,1,1457.2888339961758,1482.3781598703026,0.00034290084009128613
2024-06-12,1,1443.9874724286744,1462.847878399236,0.0005345196736554459
2024-06-13,1,1444.4837064170613,1465.155654220818,0.0007374150112479967
2024-06-14,1,1449.3725542618724,1461.433311890669,0.0010088999003646669
2024-06-18,1,1446.518713499826,1468.8038455887872,0.001282077338456366
2024-06-19,1,1460.5399547367645,1476.4720837189377,0.0014815021876191637
2024-06-20,1,1445.3026730272272,1476.571240472528,0.0015561612447717419
2024-06-21,1,1439.4459739347103,1471.9553570393568,0.0014836908113566082
2024-06-24,1,1429.9909727182371,1463.8652545834836,0.0013960343365585286
2024-06-25,1,1426.9385064042085,1438.8503408924523,0.0011914023057812914
2024-06-26,1,1430.412898092634,1445.2282918111714,0.0009603793403087506
2024-06-27,1,1434.5075565031482,1507.8149506909176,0.0008482686785294014
2024-06-28,1,1494.935374795845,1526.2039433921725,0.0009733079965052563
2024-07-01,1,1519.7764812043604,1569.3842873036351,0.0012551281583339264
2024-07-02,1,1544.2454023527885,1567.7960689891884,0.0015024490187241666
2024-07-03,1,1545.5605512562322,1561.939323957406,0.001750138498655885
2024-07-04,1,1531.440162014497,1563.4283787351976,0.0019666770525015244
2024-07-05,1,1539.4062623766438,1555.983518377374,0.002233999942306336
2024-07-08,1,1536.6267221432645,1586.755694667964,0.0026301366498913173
2024-07-09,1,1570.8980643748455,1596.9800437158897,0.003132752046584045
2024-07-10,1,1568.887979750272,1588.7410386525216,0.0035325389080088847
2024-07-11,1,1551.6654591589945,1585.7630632323037,0.003815613102274259
2024-07-12,1,1558.9614138424097,1592.463449956501,0.004010483710368408
2024-07-15,1,1562.9320865975435,1593.3569240772113,0.0040876204301535
2024-07-16,1,1573.8512804915936,1594.0517441522056,0.0041503464810562
2024-07-18,1,1557.5965372882697,1588.24469666931,0.004372442329654715
2024-07-19,1,1546.379565062024,1582.1895936713806,0.004251314881808178
2024-07-22,1,1541.3915329908289,1578.293333314245,0.003975037116002072
2024-07-23,1,1488.2597977476694,1526.203933085127,0.0035472194687478304
2024-07-24,1,1452.2511804820083,1494.6870915999891,0.003029544144401138
2024-07-25,1,1465.552808673545,1498.4095963901725,0.002684116421525755
2024-07-26,1,1466.2228234080762,1489.4509269223795,0.0022412387783566144
2024-07-29,1,1479.4002684339398,1501.3131545447015,0.0018512737147613632
2024-07-30,1,1500.6678537480493,1516.2772962786505,0.0015312681598922619
2024-07-31,1,1498.9059558839842,1513.7957501477324,0.0011975281810609338
2024-08-01,1,1490.1208866802615,1499.3524857083617,0.0008505246577834845
2024-08-02,1,1493.2479314401046,1506.8472288436842,0.0004841370193175532
2024-08-05,0,1482.303848567256,1498.2358556077295,4.129395277907736e-05
2024-08-06,-1,1422.7198642160924,1472.997761203301,-0.0006327353781433467
2024-08-07,-1,1440.6619130584993,1466.6446510309138,-0.0013459965529544116
2024-08-08,-1,1450.7622216985117,1461.6814036613468,-0.0020311741380610233
2024-08-09,-1,1435.3017085687702,1454.2365143735713,-0.002619011861262255
2024-08-12,-1,1445.3026646483625,1465.6520496932055,-0.0029766852814429546
2024-08-13,-1,1447.0397996020206,1462.1777566892652,-0.003168577173749139
2024-08-14,-1,1447.28803114191,1459.2742672925806,-0.0032894656843956037
2024-08-16,-1,1443.0194737625147,1461.1850703208015,-0.0033963305572374436
2024-08-19,-1,1447.337738823352,1469.5235088888628,-0.003473852562125821
2024-08-20,-1,1474.6105280885963,1492.3397678065596,-0.003414336506304281
2024-08-21,-1,1484.0976661921163,1497.942395948273,-0.0032373288613314084
2024-08-22,-1,1484.072717714687,1501.8766102174725,-0.0029297131342943287
2024-08-23,-1,1484.720165407205,1500.5070892244864,-0.0026188594917700937
2024-08-26,-1,1492.4642955105633,1505.3128818837536,-0.00229935686463911
2024-08-27,-1,1497.021098650585,1516.941539085057,-0.0018904365843800154
2024-08-28,-1,1493.485179145279,1507.4544123852302,-0.0014770175211808836
2024-08-29,-1,1487.0608784010917,1501.4782728482842,-0.0010393040382723952
2024-08-30,-1,1488.0568158159556,1530.885760314005,-0.0005576901611811236
2024-09-02,0,1497.3447635789732,1533.599989641746,-6.951353696514655e-05
2024-09-03,1,1500.6316718721823,1520.7264647058682,0.0003926142101222648
2024-09-04,1,1501.5031683479538,1516.941509382377,0.0006167156539516509
2024-09-05,1,1493.534966971581,1511.463362707152,0.0006522145111590593
2024-09-06,1,1481.1345314015284,1519.7054581926027,0.0007099945721746804
2024-09-09,1,1455.8105811316243,1491.0448575756725,0.000625148537836944
2024-09-10,1,1449.809597840599,1464.07768593117,0.0005282530630242518
2024-09-11,1,1451.7766997689328,1466.1942153054945,0.0005353379930328267
2024-09-12,1,1441.7917138302157,1462.9073318760024,0.0005184424391300896
2024-09-13,1,1440.1232367942907,1480.088617533546,0.00049731635030499
2024-09-16,1,1463.6542770635715,1477.2500011980833,0.0005568665066657718
2024-09-17,1,1458.9232273463058,1475.0090069946318,0.0005640780950878523
2024-09-18,1,1460.790763828237,1471.5975781970765,0.00037492309698937415
2024-09-19,1,1454.7399294679983,1476.10455198121,0.0002044629044053454
2024-09-20,0,1449.7598031867433,1470.6264144806405,1.964584562599591e-05
2024-09-23,-1,1465.5218693608433,1489.0528890965668,-0.00014496313598385562
2024-09-24,-1,1483.026880271187,1495.5270047691104,-0.00021632056634643477
2024-09-25,-1,1481.9561623839436,1494.530939532627,-0.0003063916729741365
2024-09-26,-1,1474.3116560624171,1490.546862638843,-0.00043824057405824815
2024-09-27,-1,1482.1305684499498,1498.017070530802,-0.0005506275465114147
2024-09-30,-1,1486.06478230705,1527.3747692811155,-0.0005718982835364147
2024-10-01,-1,1468.5348969230115,1518.9086621673466,-0.0005480569081511701
2024-10-03,-1,1457.0057588364782,1482.0308103038055,-0.0005981761393711672
2024-10-04,-1,1396.4975195620746,1443.634334423912,-0.0008504272083335036
2024-10-07,-1,1376.2782950115372,1411.711728297617,-0.0011983994392358304
2024-10-08,-1,1355.9594355150189,1390.9447078848398,-0.0015800952933725622
2024-10-09,-1,1359.669551595401,1395.4267642320656,-0.0018695627350331062
2024-10-10,-1,1367.040214025334,1395.4019165531051,-0.002135299068313237
2024-10-11,-1,1363.9774115920343,1380.4864268287754,-0.0024352828978007985
2024-10-14,-1,1363.3797273571677,1377.7723178051706,-0.002634409448716717
2024-10-15,-1,1362.8070452852592,1374.5849563155427,-0.0027721661381466226
2024-10-16,-1,1335.3666207605413,1366.243302159234,-0.0029707773154242904
2024-10-17,-1,1332.3039628645522,1358.574043806933,-0.0031527051134533036
2024-10-18,-1,1346.6715786036464,1363.0062419523483,-0.0032731960310115695
2024-10-21,-1,1335.98910817891,1362.9814005892638,-0.0033825407967116887
2024-10-22,-1,1352.3239675798943,1368.5342502099145,-0.003523354815134309
2024-10-23,-1,1334.8935348258,1370.5262455038624,-0.0037459370843144863
2024-10-24,-1,1329.689315659354,1352.0748848775756,-0.00398164793240118
2024-10-25,-1,1317.8616212723591,1338.3547254831988,-0.004272727376588539
2024-10-28,-1,1316.7410448137834,1339.002111534351,-0.004488921302508904
2024-10-29,-1,1316.8406011796387,1347.6177038778262,-0.004595642601828763
2024-10-30,-1,1315.0478495098762,1337.856655249044,-0.0047026478228359495
2024-10-31,-1,1320.0776988278842,1344.62966480214,-0.004741327286905892
2024-11-01,-1,1320.8745447599274,1337.6574904459744,-0.004754661086783223
2024-11-04,-1,1327.6972806767253,1336.6116286385318,-0.004735409215419989
2024-11-05,-1,1279.9878687625326,1334.6695017714562,-0.0047126055019508385
2024-11-06,-1,1281.0336986406933,1304.340637375998,-0.004644716100120603
2024-11-07,-1,1295.0277806900112,1323.0160966964434,-0.004437803849137785
2024-11-08,-1,1297.4182609581876,1318.7331565363688,-0.004203154473063434
2024-11-11,-1,1269.9279963447846,1296.4720058402277,-0.0039923475338441376
2024-11-12,-1,1261.9598084895413,1280.884225507143,-0.003682677661729163
2024-11-13,-1,1262.4578817905294,1284.1712099692156,-0.0033475413913999913
2024-11-14,-1,1244.5294313213271,1270.3761523895544,-0.003138643478728037
2024-11-18,-1,1246.1231316976048,1267.537605244334,-0.0031128877634561494
2024-11-19,-1,1238.951794764919,1267.8364328732807,-0.0031842647967939438
2024-11-21,-1,1230.236550606767,1276.4021442257297,-0.003315900754954666
2024-11-22,-1,1212.407761281373,1239.0014996478671,-0.003524135719995046
2024-11-25,-1,1217.586994857739,1263.8024380613526,-0.003588416949799927
2024-11-26,-1,1277.3483005192684,1299.260783408558,-0.0034102700808290613
2024-11-27,-1,1279.0914013187908,1292.687125909721,-0.003223151478928103
2024-11-28,-1,1280.8842325588682,1298.6632001168684,-0.0029965253326559634
2024-11-29,-1,1264.0017125526565,1291.442044503892,-0.002896865706379653
2024-12-02,-1,1270.177046170391,1294.3305794929802,-0.0027769560239501276
2024-12-03,-1,1271.9699779978705,1306.133460567327,-0.0025511216494199514
2024-12-04,-1,1301.8006823317874,1321.5219654799555,-0.0022143624968666725
2024-12-05,-1,1298.8625094957515,1323.1156203515295,-0.0018093666585424402
2024-12-06,-1,1300.9541199209712,1324.6593698468237,-0.0014177557326441946
2024-12-09,-1,1304.7887589399247,1318.6334884089777,-0.0010805578324689696
2024-12-10,-1,1287.9560310594236,1309.7689372979064,-0.0008664889610498174
2024-12-11,-1,1275.107243177966,1289.7488386952923,-0.0007263235841672475
2024-12-12,-1,1270.9738844056644,1284.8683422637005,-0.0005693188386063969
2024-12-13,-1,1255.5853214463157,1273.1152845047754,-0.0004930581149593656
2024-12-16,-1,1234.6688884780408,1270.1272485556606,-0.00042374565055720533
2024-12-17,-1,1261.511722229068,1275.904191603511,-0.0002597833108284386
2024-12-18,-1,1237.8561365143116,1258.8721754853295,-0.00016198615445104113
2024-12-19,-1,1235.714673937889,1254.9378248920182,-0.00018496267891628376
2024-12-20,-1,1224.1109925687356,1239.947766097918,-0.00033402504928698037
2024-12-23,-1,1196.7204388413884,1234.5692750261348,-0.00045713994962388795
2024-12-24,-1,1208.3738466363206,1222.3181546925216,-0.0005544357005557557
2024-12-26,-1,1216.1428258096823,1228.6429501715868,-0.0007191441944242197
2024-12-27,-1,1209.419672133533,1222.8161189414398,-0.0009597849801217965
2024-12-30,-1,1212.1588111658666,1223.0154756156849,-0.001163383231303347
2024-12-31,-1,1203.294156174512,1218.3340640862093,-0.0014697638288898042
